100.mid,0.183481822956,0.184955120023,0.130921964604,0.173399890143,0.164166075670,0.160687192736,0.157903823961,0.157905694963,0.405544210371,0.415097551883,0.183883363477,0.188682231957,0.099051900985,
10.mid,0.182912802600,0.166850404098,0.176431784952,0.131559983612,0.173399890143,0.164166075670,0.165363399844,0.171832205823,0.181016791120,0.180467699420,0.168790347827,0.165453334185,0.157533889931,0.157903823961,0.180160952461,
11.mid,0.221371748486,0.197507379209,0.197507379209,0.129959088412,0.173399890143,0.164166075670,0.160687192736,0.157903823961,0.157905694963,0.170546560516,0.174002482396,0.208685771979,0.667638800184,0.203435203695,0.203435203695,0.433140970850,0.205521077262,0.047728937313,0.189837319860,0.377902053016,0.449334544426,
12.mid,0.179797293326,0.166850404098,0.176431784952,0.040406828209,0.137224282573,0.186035216653,0.186035216653,0.130580992450,0.543406005088,0.214948137912,0.214948137912,0.639331477536,0.184711252786,0.184932089921,0.182011653618,0.183481822956,0.184955120023,0.133116178017,0.184932089921,0.184932089921,0.182011653618,0.184955120023,0.184955120023,0.182011653618,0.184932089921,0.182011653618,0.174314238963,0.166578301669,0.092387880482,0.139145717320,0.187868886848,0.188048956080,0.373866351311,0.157903823961,0.157905694963,0.163725858921,0.157738824137,0.272515568825,0.674801590035,1.361289277769,2.730055557387,2.618238655595,1.311719209927,0.428734863047,0.118898820524,0.141046324859,0.180531964476,0.365081333339,0.466607771609,0.942420380450,0.356633611558,0.198173506524,0.566095154391,0.193830876524,0.387703438398,0.184932089921,0.091530907787,
13.mid,0.157533889931,0.157903823961,0.232042701642,0.126425427272,0.175149433555,0.175331123127,0.337797096604,0.157903823961,0.157905694963,
14.mid,0.225887699894,0.736087509621,1.400397800883,2.908492700205,
15.mid,0.320088959243,0.682340181699,0.209175965378,0.200168593170,0.447264753129,0.157738824137,0.157738824137,0.380550099006,0.173082682588,0.173082682588,0.173084553624,0.177172631017,0.174002482396,0.245341671223,0.213086302541,0.507863040263,
16.mid,0.110165499698,0.376385740836,0.172607248387,0.173520815988,0.166645967459,0.059472351360,0.167329421801,0.207084915340,0.377779331544,0.615130699565,0.379158066394,0.505485405002,0.214685974611,0.211131385771,0.188762683077,0.430589919727,0.196466570417,0.196466570417,0.194370506442,0.239393298463,0.696201959645,0.186705415974,0.179811950843,0.545123392680,0.136624095497,0.163254553044,0.212118538139,0.311049364577,0.434920281420,0.168581911019,0.177787530308,0.186934960480,0.379757045569,0.406387357348,0.217906935559,0.183232446459,0.199947971623,0.177946973509,0.175301109236,0.157533889931,0.157903823961,0.023943708305,0.140841978247,0.349527969748,
17.mid,0.181552842871,0.209351608057,0.186435164841,0.167977241270,0.166850404098,0.176431784952,0.133753085186,0.184932089921,0.184932089921,0.207867110582,0.193313195002,0.193313195002,0.193313195002,0.358523624702,0.215532639042,0.186351559832,0.177480709573,0.172940004452,0.157533889931,0.157903823961,0.279022650719,0.132646321088,0.190661407253,0.199906052397,0.310711861000,0.184955120023,0.184955120023,0.449938854627,0.206832843366,0.197630139474,0.255370569239,0.723980124255,1.431027113516,2.832005177859,
18.mid,0.667999158632,0.430773866419,0.216592329390,0.589448003264,0.226127858182,0.044339594387,0.045535289868,0.226722955803,0.237593376799,0.353668154053,0.224922870557,0.360592538038,0.695303126685,0.977190117092,0.204319587369,0.195281839978,0.592524699217,
19.mid,0.204680902295,0.183481822956,0.184955120023,0.221486875521,0.155921423946,0.195615831505,0.186523574379,0.440342466300,0.194534307802,0.203576572463,0.212562691634,0.366038997442,0.184932089921,0.186754365066,0.368856350331,0.203784478653,0.194743343517,0.138999516204,0.169395288791,0.178595054750,0.180432242052,0.171194902589,0.161948796811,0.382206600192,0.457354067454,0.221380438329,0.225886782975,0.290199660792,0.656785977884,0.192593256069,0.192593256069,0.467741595717,0.173399890143,0.164166075670,0.423976608503,1.003130783484,0.202146188731,0.211141244328,0.928974048560,0.352166822860,0.184932089921,0.288013007475,0.721752838700,0.153783518038,0.202523240755,0.862367087600,0.277404418721,0.184932089921,0.184932089921,0.395767303625,0.433308531126,0.951623214257,0.157657243112,
1.mid,0.166850404098,0.176431784952,0.206530716429,
20.mid,0.187058766952,0.174314238963,0.166578301669,0.114219582810,0.157738824137,0.157738824137,0.387734574888,0.199319814654,0.199319814654,0.199321685696,0.313299332679,0.191898678787,0.191717287570,0.288581526594,0.149085291343,0.438612864776,0.988612951929,0.315352770534,0.188383924863,0.546372898142,0.157738824137,0.157738824137,0.163723988065,0.157903823961,0.157905694963,0.253847975846,0.359795552692,0.211021290901,0.189244968612,0.186334124190,0.189668621502,0.183481822956,0.184955120023,0.130921964604,0.173399890143,0.164166075670,0.422183326680,0.966867239497,0.184014807180,0.193123087795,0.917225804543,0.366981280332,0.168790347827,0.165453334185,0.166850404098,0.176431784952,0.134694918364,0.345267475991,
21.mid,0.183481822956,0.184955120023,0.133116178017,0.184932089921,0.184932089921,0.417533294163,0.186229540969,0.177077482558,0.167869047053,0.504046764994,0.159082717075,0.158897077875,0.159534934936,0.166850404098,0.176431784952,0.254794289606,0.253155069878,0.311388674498,0.156323615086,0.285444603378,0.266820407761,0.301565606815,0.171194902589,0.161948796811,0.165329814187,0.174002482396,0.180249333013,0.183481822956,0.184955120023,0.223671731848,0.151525804111,0.191189998356,0.182070239181,0.295775584893,0.171832205823,0.181016791120,0.323098782077,
22.mid,0.312012947435,0.840164370215,0.283587436774,0.654086294819,0.865728827254,0.195727533787,0.724293618133,0.123414768537,0.181485508475,0.190788442555,0.198891136520,0.171194902589,0.161948796811,0.353892766811,0.308304711965,0.178367010491,0.170323724743,0.333030721324,0.264720650694,0.304982927254,0.204986705335,0.297205225847,0.372886190861,0.302743052293,0.331010857376,0.155225138920,0.204107817021,0.204107817021,0.248917536160,0.171194902589,0.161948796811,0.165329814187,0.174002482396,0.180249333013,0.174314238963,0.166578301669,0.070645011480,0.026348029315,0.137318332187,0.186196222384,0.176977036893,0.364373065385,0.157903823961,0.157905694963,
23.mid,0.183481822956,0.184955120023,0.130921964604,0.173399890143,0.164166075670,0.394830262843,0.172633393245,0.181813318169,0.190935377827,0.383285894633,0.184932089921,0.182011653618,0.174314238963,0.166578301669,0.210896231309,0.114923373906,0.159629776716,0.208504566287,0.314672229317,0.365679769917,0.157903823961,0.157905694963,0.406953758905,0.313922505947,0.167740405169,0.242327453512,0.227575309351,0.207255324971,0.183481822956,0.184955120023,0.205809537141,
24.mid,0.167101865550,0.220739446337,0.659298282840,0.193977627988,0.193977627988,0.536423885041,0.169395288791,0.178595054750,0.185002629071,0.184955120023,0.184955120023,0.037133608044,0.178392295680,0.178392295680,0.302264622131,0.713921071251,1.391788866246,2.800641097329,
25.mid,0.217272007607,0.254179356899,0.652057614763,0.178733644367,0.169533877052,0.388255138766,0.178732896939,0.141865966622,0.199917389325,0.209909047363,0.350858344220,0.184955120023,0.184955120023,0.175243835623,0.168790347827,0.165453334185,0.157533889931,0.157903823961,0.114824357274,0.157738824137,0.157738824137,0.163723988065,0.157903823961,0.157905694963,0.170546560516,0.174002482396,0.288405250431,0.568244706758,
26.mid,0.191697088096,0.171290312333,0.160668415387,0.157533889931,0.157903823961,0.114824357274,0.157738824137,0.157738824137,0.163723988065,0.157903823961,0.157905694963,0.421968159929,0.182508445533,0.191625907157,0.201787323947,0.176652392799,0.202443458624,0.202443458624,0.229352228939,0.049828792938,0.112110938536,
27.mid,0.649505139616,0.185319759237,0.185319759237,0.485219500712,0.184932089921,0.184932089921,0.474366062011,0.207031155309,0.207031155309,0.207031155309,0.324985618309,0.168790347827,0.256759629604,0.681956055681,1.337700479682,0.180170456520,1.233007035286,0.514597522587,0.169395288791,0.178595054750,0.180432242052,0.171194902589,0.161948796811,0.173220178298,0.179029022424,0.188164897279,0.189693850053,0.183481822956,0.184955120023,0.130921964604,0.173399890143,0.164166075670,0.432018905804,0.173171798116,0.173171798116,0.173173669267,0.328084849476,0.157738824137,0.268907755589,0.620726162458,0.164710997413,0.173941277955,0.548748767135,0.151550271884,0.200442879535,0.200442879535,0.329777320208,0.184955120023,0.184955120023,0.212356033648,0.190973405892,0.190973405892,0.184479869328,0.183481822956,0.184955120023,0.130921964604,0.173399890143,0.164166075670,0.402308691205,0.644712999137,
28.mid,0.191066036860,0.274081472606,0.634067388142,0.177963711547,0.187109985379,0.490285695959,0.184932089921,0.184932089921,0.436668172668,0.188050206331,0.178909709171,0.169712982683,0.347667656815,0.174002482396,0.180249333013,0.174314238963,0.166578301669,0.114219582810,0.157738824137,0.157738824137,0.442543026718,0.215559108080,0.215559108080,0.215560979231,0.360645510814,0.174002482396,0.180249333013,0.174314238963,0.166578301669,0.116439114080,0.169395288791,0.178595054750,0.141112603295,0.199594531514,0.199594531514,0.199594531514,0.349348329866,0.168790347827,0.165453334185,0.166850404098,0.176431784952,0.084623328906,0.128221630899,0.176936124540,0.176936124540,0.172451173207,0.171194902589,0.161948796811,
29.mid,0.174314238963,0.166578301669,0.114219582810,0.157738824137,0.157738824137,0.460999931426,1.000128662847,1.954667859243,0.192039017733,1.796628515465,0.900653743510,0.304094882992,0.184932089921,0.182011653618,0.174314238963,0.166578301669,0.116439114080,0.169395288791,0.178595054750,0.425839928908,0.190778316792,0.190778316792,0.190778316792,0.491943116604,0.171205108081,0.161771849427,0.159163602560,0.166850404098,0.176431784952,0.180861571216,0.145672452630,0.185297056858,0.176140367731,0.311691205264,0.157903823961,0.157905694963,0.170546560516,0.174002482396,0.183720645493,0.218238054536,0.185352679191,0.176199469835,0.029301677094,0.096297803409,0.166479097737,0.224193558690,0.227880582730,0.188322815619,0.171194902589,0.161948796811,
2.mid,0.174314238963,0.166578301669,0.114219582810,0.157738824137,0.157738824137,0.163723988065,0.157903823961,0.157905694963,0.323215565090,0.306388338215,0.115503254755,0.192290189609,0.180155954004,0.173400398651,0.157533889931,0.157903823961,0.311581701232,0.130871873628,0.179598093257,0.179779223945,0.173436406652,
30.mid,0.482235398881,1.022028607488,0.199440697776,0.184197273241,0.577715998028,0.129643973448,0.187674907148,0.196938124534,0.555446521660,0.178557556352,0.169356619111,0.160098677958,0.307251346059,0.157738824137,0.192252070451,0.703033185810,1.366319850880,0.208789827718,1.323359822137,0.624731458980,0.243223295607,0.174813541331,0.170528165556,0.254958450433,0.385300426751,0.333980089454,0.184955120023,0.184955120023,0.175243835623,0.168790347827,0.266442183001,0.115427493677,0.164668342181,0.164668342181,0.297818606769,
31.mid,0.159661791468,0.166850404098,0.176431784952,0.133753085186,0.184932089921,0.184932089921,0.437378597423,0.957113425074,0.384461143961,0.194545206310,0.607444317009,0.177777442667,0.163854823980,0.174002482396,0.180249333013,0.183481822956,0.184955120023,0.236285651059,0.136763351548,0.185658742724,0.185658742724,0.224018234429,0.171194902589,0.161948796811,0.158483682200,0.157738824137,0.330695283502,0.264646096307,0.685929453205,0.185556854779,0.205154140041,0.498443477055,0.157738824137,0.157738824137,0.168390118559,0.171832205823,0.181016791120,0.166894783588,
32.mid,0.191608076466,0.239481855337,0.667278351702,0.194035098844,0.184932547185,0.656700186047,0.144142367051,0.192850677495,0.193030061584,0.295131833878,0.157903823961,0.157905694963,0.170546560516,0.174002482396,0.225092369531,0.654969210183,0.190778316792,0.190778316792,0.541119680601,0.173399890143,0.164166075670,0.160687192736,0.157903823961,0.157905694963,0.170546560516,0.174002482396,0.180249333013,0.183481822956,0.184955120023,0.130921964604,0.173399890143,0.164166075670,0.474516160535,1.046915351787,1.956561950993,0.207733901145,1.774887990872,0.838689366383,0.476573506315,0.185124948741,0.194221771572,0.188481819590,0.183481822956,0.184955120023,0.130921964604,0.173399890143,0.164166075670,0.070110636499,
33.mid,0.207555251294,0.649140131381,0.184955120023,0.184955120023,0.540725186922,0.141847343854,0.190742389678,0.190742389678,0.652786064686,1.061776197587,0.235128409264,0.235128409264,0.965467422722,0.329766634066,0.184932089921,0.188938061307,0.383315715021,0.721117452471,
34.mid,0.673366429468,0.199389995654,0.491215689749,0.874002244856,0.397183851884,0.135527446784,0.169395288791,0.178595054750,0.462593976465,1.024020633962,0.212766099670,0.212766099670,0.918909993770,0.343262835656,0.238647460562,0.149344431315,0.293510487443,0.204191496751,0.188555516610,0.093030725832,
35.mid,0.184840617811,0.201834199159,0.192781754761,0.254033501078,0.157738824137,0.157738824137,0.163723988065,0.157903823961,0.157905694963,0.170546560516,0.174002482396,0.180249333013,0.183481822956,0.184955120023,0.226562807742,0.052912404803,0.205391823734,0.137182200323,0.290244730442,0.168272014262,0.161092890847,0.363564912929,0.292103088781,0.613634903639,0.986987332075,0.184379676944,0.193485665088,0.908586886269,0.347648708573,0.168790347827,0.212544404789,0.634067388142,0.177963711547,0.187109985379,0.476551559883,0.249035609885,0.164476652885,0.213369156733,0.391541361463,0.297854115258,0.171194902589,0.161948796811,0.158483682200,0.157738824137,0.188801297008,0.657847608971,0.475691361278,1.041937104877,0.669098160455,0.201272876838,0.676232957457,0.184671539829,
36.mid,0.634804962310,0.169490512524,0.169490512524,0.501534415658,0.157738824137,0.157738824137,0.439532430193,0.166538705784,0.166538705784,0.166540576935,0.306279506992,0.157738824137,0.163672034056,0.157533889931,0.157903823961,0.021715910212,0.139123859173,0.197094729140,0.206297855935,0.393027994427,0.171194902589,0.161948796811,0.312917409878,0.188298755382,0.188116906886,0.085196149800,
37.mid,0.182376677154,0.183481822956,0.184955120023,0.133116178017,0.184932089921,0.184932089921,0.177431421760,0.171194902589,0.161948796811,0.158483682200,0.157738824137,0.217249219421,0.649477807229,0.184159627626,0.184159627626,0.541712812511,0.132270621470,0.190287659296,0.199534621884,0.685013325026,1.022106668120,0.201452784927,0.192396940226,0.871528172983,0.326360169007,0.157738824137,0.163672034056,0.166850404098,0.176431784952,0.087173301194,0.245827955903,0.148215119127,0.197104810033,0.194713593448,0.228129650837,0.171194902589,0.161948796811,0.346598148449,0.202253712092,0.211244291310,0.117301831260,
38.mid,0.183481822956,0.184955120023,0.130921964604,0.173399890143,0.164166075670,0.165363399844,0.171832205823,0.181016791120,0.194745433774,0.106985954609,0.429058770553,0.366597875499,0.185102931138,0.248639014264,0.232864147671,0.209260594989,0.174314238963,0.166578301669,0.114219582810,0.157738824137,0.157738824137,0.435271452325,0.048076849370,0.524353197090,1.079705760348,0.403792921750,1.888427575506,0.908775239953,0.323530033317,0.407315627828,
39.mid,0.173200176906,0.157533889931,0.157903823961,0.186038946990,0.267390006367,0.423799429878,
3.mid,0.652421885701,0.179099857096,0.169902428604,0.684421807485,
40.mid,0.193397901301,0.183481822956,0.184955120023,0.130921964604,0.173399890143,0.164166075670,0.421644907177,0.173001146253,0.182178742447,0.191298502682,0.390968286697,0.347342729924,0.216548318662,0.214519036838,0.208614930693,0.183481822956,0.184955120023,0.133116178017,0.184932089921,0.184932089921,0.461501844588,0.662518288755,
41.mid,0.200328321947,0.245795925759,0.300695996590,0.781771841220,1.483271617270,0.421089300236,1.800623230586,0.853834591823,0.223213644576,0.169395288791,0.178595054750,0.417943581070,0.963474123975,0.138839029545,
42.mid,0.250075845385,0.646920808133,0.190732621917,0.199798677910,0.702396799663,
43.mid,0.223410449565,0.282926594281,0.209281122699,0.191596237074,0.174372840617,0.371127367616,0.914979240470,0.142580280139,0.194021752367,0.887119376332,0.245953554256,0.184932089921,0.184932089921,0.177431421760,0.171194902589,0.161948796811,0.158483682200,0.157738824137,0.163672034056,0.166850404098,0.176431784952,0.131559983612,0.173399890143,0.164166075670,0.160687192736,0.157903823961,0.157905694963,0.427835285759,0.187559775730,0.196645182549,0.202617987297,0.183481822956,0.184955120023,0.130921964604,0.173399890143,0.164166075670,0.469141697038,0.970841608514,0.479906876693,0.274105731602,0.918651355942,0.272764027617,0.243837200468,0.212759881209,0.359691622199,0.168790347827,0.165453334185,0.166850404098,0.176431784952,0.206530716429,
44.mid,0.729887545265,1.339941338711,0.173229864040,1.228278175414,0.470520105430,0.157738824137,0.157738824137,0.462919917850,0.160073684836,0.169333496960,0.178534433975,0.296880909972,0.168790347827,0.320889967024,0.127187176075,0.185612842242,0.194710815408,0.173607042276,0.184932089921,0.184932089921,0.177431421760,0.171194902589,0.161948796811,0.384669266034,
45.mid,0.164897990009,0.157533889931,0.157903823961,0.139117585905,0.113900328457,0.162623096027,0.162806387604,0.161249450198,0.157903823961,0.157905694963,0.170546560516,0.174002482396,0.268067211804,0.700948999283,1.421611729573,0.282263803484,
46.mid,0.192034548338,0.183481822956,0.184955120023,0.133162250010,0.215237849663,0.079103816228,0.170760183470,0.362179243339,0.376294215694,0.375162450847,0.184955120023,0.184955120023,0.182011653618,0.184932089921,0.182011653618,0.183481822956,0.184955120023,0.243126047292,0.158751632831,0.198462883634,0.189388870034,0.604815643955,0.961066723917,0.212195935208,0.221128807721,0.635757548412,0.312429886101,0.304892036714,0.086426004403,0.305598319053,0.372449631614,0.175825839442,0.166371930362,0.066578459671,
47.mid,!! Not enough voices,
48.mid,0.662584307883,0.189316253140,0.180183831533,0.454460254534,0.169395288791,0.178595054750,0.185002629071,0.184955120023,0.184955120023,0.182011653618,0.184932089921,0.248951431893,0.642920820191,0.178742110878,0.178742110878,0.679176487542,
49.mid,0.669772269560,0.286109511414,0.209497252002,0.550753011847,0.218102334506,0.196989006985,0.160680272041,0.209566559081,0.244202080682,0.176279575906,0.193774615488,0.202821401829,0.211811986597,0.325561352952,0.168790347827,0.165453334185,0.166850404098,0.176431784952,0.133753085186,0.184932089921,0.184932089921,0.171158248687,0.204988892552,0.204988892552,0.204988892552,0.360619516553,0.348835176877,0.191446200676,0.189108875441,0.230156634043,0.695126336655,1.367084276056,0.200544103631,1.297257106242,0.536423885041,0.157738824137,0.157738824137,0.411969870456,0.173539410563,0.173539410563,0.173541281714,
4.mid,0.203623089660,0.169454773245,0.163389922066,0.228658775798,0.613824970198,0.184426578897,0.175741306319,0.640378266734,0.177101004991,0.244383286020,0.274766783317,0.323104418805,0.328966302096,0.255205952698,0.500054521318,0.182400061724,0.182400061724,0.182400061724,0.346325395202,0.168790347827,0.165453334185,0.157533889931,0.157903823961,0.014604157351,0.116676837423,0.174575691809,0.183887974480,0.192202815174,0.184955120023,0.184955120023,0.447850818535,0.204525586913,0.195309093745,0.187405498697,0.166850404098,0.176431784952,0.206530716429,
50.mid,0.205532467084,0.190569858104,0.491902355228,1.004207282559,0.233697939071,0.222921854800,0.665528302840,0.207739265840,0.240015013838,0.158707489925,0.258071295080,0.239975152729,0.290281092241,0.171832205823,0.181016791120,0.167416320679,0.385682504527,0.363101847817,0.285467501284,0.193442210010,0.184252035198,0.169398511976,0.157533889931,0.157903823961,0.114824357274,0.157738824137,0.157738824137,0.379256781984,0.053551143801,
51.mid,0.157533889931,0.157903823961,0.117042750905,0.169395288791,0.178595054750,0.180432242052,0.171194902589,0.161948796811,0.206336379524,0.418293586973,0.430764864011,0.381707066727,0.247674891007,0.164461656180,0.203546806481,0.186770673973,0.173185024776,0.157533889931,0.157903823961,0.114824357274,0.157738824137,0.157738824137,0.439355140479,0.988057316085,1.596006225890,
52.mid,
53.mid,0.202143053445,0.174314238963,0.166578301669,0.182462461609,0.043029822270,0.052864646735,0.270928994166,
54.mid,
55.mid,0.183481822956,0.184955120023,0.133116178017,0.184932089921,0.184932089921,0.182011653618,0.184955120023,0.184955120023,0.175243835623,0.168790347827,0.165453334185,0.157533889931,0.157903823961,0.117042750905,0.169395288791,0.178595054750,0.172395963729,0.195985031095,0.195985031095,0.195985031095,0.183175921825,0.184932089921,0.182011653618,0.183481822956,0.184955120023,0.130921964604,0.173399890143,0.164166075670,0.439484815974,0.245638495195,0.765806360405,0.209324998238,0.355391047350,0.927487500216,0.450656871610,0.181828367899,0.172464531164,0.168217571696,0.157533889931,0.157903823961,0.024314576445,0.035272216905,0.136675050397,0.185157386829,0.178523503098,0.357446468479,0.157903823961,0.157905694963,0.170546560516,0.174002482396,0.180249333013,0.183481822956,0.184955120023,0.204991377457,0.317640746027,0.491741364059,
56.mid,0.218846236846,0.197909533414,0.183404109018,0.174314238963,0.166578301669,0.116439114080,0.169395288791,0.178595054750,0.432981114338,0.200551975074,0.200551975074,0.200551975074,0.376448902457,0.184932089921,0.225563944235,0.655332746796,0.182026217209,0.172847456503,0.661966041087,0.125093893894,0.173809836138,0.173991666257,0.311109981175,0.157903823961,0.157905694963,0.326361130287,0.166519435712,0.166334747106,0.171488187946,0.166850404098,0.176431784952,0.174993442509,0.148659244846,0.059812855165,0.150562361601,0.340320397416,0.357562248153,0.283591904648,0.171117260473,0.171117260473,0.171119130867,0.409198087129,
57.mid,0.207839365289,0.183481822956,0.184955120023,0.207016761369,0.041256398671,0.206133705049,0.244544351077,0.215908650795,0.168448416851,0.380687057650,0.283785418053,0.394132225552,0.184955120023,0.184955120023,0.175243835623,0.168790347827,0.279308922435,0.640692019868,0.175376069043,0.175376069043,0.440637201090,0.157738824137,0.157738824137,0.387918322585,0.185499182353,0.185499182353,0.185501053349,0.369353825080,0.181407932860,0.190532292712,0.103538326003,
58.mid,!! Not enough voices,
59.mid,0.268100227509,0.658237746601,0.184946653512,0.175786484850,0.494182594524,0.157738824137,0.157738824137,0.389570999577,0.187300644604,0.187300644604,0.187302515575,0.290707406373,0.079813354977,0.204977783074,0.204458200723,0.187102606705,0.174314238963,0.166578301669,0.265249984732,0.130372993846,0.138695211208,0.176334913065,0.354358434712,0.388687327550,0.032082500323,0.170834987415,0.179952335364,0.189012601584,0.177104447903,0.168790347827,0.165453334185,0.157533889931,0.157903823961,0.024314576445,0.223319860842,0.221876578825,0.148143985642,0.198229237972,0.272941609275,0.308577839841,0.184955120023,0.184955120023,
5.mid,0.157533889931,0.157903823961,0.024658334196,0.081803923695,
60.mid,0.172651882939,0.166850404098,0.176431784952,0.131559983612,0.173399890143,0.164166075670,0.379940878176,0.180167162259,0.189298429439,0.198372442155,0.190322952034,0.184932089921,0.225741212165,0.747385369054,1.365290548309,0.198739155265,1.305698880129,0.340762789946,0.228193211990,0.124579577140,0.173484956069,0.357794965718,0.560668540271,0.170056494043,0.179252753276,0.188390941470,0.709736740756,0.233147198425,0.233147198425,0.282370023797,0.310868119226,0.729506926886,0.220204031456,0.360981027350,0.502113230125,0.157738824137,0.157738824137,0.168390118559,0.171832205823,0.181016791120,
61.mid,0.180497182893,0.157533889931,0.157903823961,0.178010942259,0.127140983968,0.175864447363,0.176046043586,0.179262415086,
62.mid,0.213790310358,0.797131301862,1.387506226545,2.728967962129,2.677696154351,1.171157547473,0.611406520584,0.143178412512,0.182788156270,0.173615215171,0.237772180396,0.157903823961,0.157905694963,0.163725858921,0.157738824137,0.274230409204,0.728478817162,1.451628879775,2.765493838154,2.644968976183,1.261059240432,0.484246941056,0.118363935530,0.176471142682,0.185807042474,0.332447214880,0.171194902589,0.161948796811,0.158483682200,0.157738824137,0.168474864492,0.319873321060,0.828369229347,1.621598352459,0.222186587313,1.326175935880,0.568462234461,0.184932089921,0.184932089921,0.489173659901,0.187505661232,0.187505661232,0.187505661232,
63.mid,0.157533889931,0.157903823961,0.165172306366,0.192687046651,0.336103085470,0.174977169574,0.399063164883,0.320246330748,0.207485288606,0.157903823961,0.157905694963,0.245796516863,0.177223471408,0.186373213069,0.185299799759,0.183481822956,0.184955120023,0.130921964604,0.173399890143,0.164166075670,0.165363399844,0.171832205823,0.181016791120,0.109552201396,0.179476500406,0.179476500406,0.083926279050,
64.mid,0.305186190879,0.686259098901,1.428499759085,2.761994388658,2.636914580356,1.345592896613,0.533186344057,0.295570284519,0.163412563726,0.203153580541,0.193063623583,0.294991937377,0.171832205823,0.181016791120,0.180467699420,0.168790347827,0.234909465761,0.722246115584,1.342449195333,0.194022307077,1.281412935149,0.668314938659,
65.mid,0.183481822956,0.184955120023,0.139846128388,0.135728829173,0.175265089997,0.166050101867,0.156133334006,0.157903823961,0.157905694963,0.205267039019,0.210066306469,0.219008002682,0.215413429211,0.300420074583,0.729316845167,0.220602017569,0.209972019380,0.514788747326,0.169395288791,0.178595054750,0.180432242052,0.171194902589,0.161948796811,
66.mid,0.463851112789,0.218024136800,0.193639381771,0.210942248639,0.692444550822,1.381129663497,2.776764950489,
67.mid,0.654969210183,0.217316598227,0.183115652294,0.522333202755,0.116625948308,0.157738824137,0.157738824137,0.380919405303,0.175625156169,0.184781840260,0.193880951156,0.268107417221,0.410013089728,0.228263178375,0.227557583778,0.216238992007,0.183481822956,0.184955120023,0.130921964604,0.173399890143,0.164166075670,0.165363399844,0.171832205823,0.181016791120,
68.mid,0.162534878552,0.205132989123,0.748039920192,1.470940106790,2.734759018740,2.686833083911,1.212003275439,0.566331844545,0.045928593953,0.420334903088,0.095413176371,0.314352595680,0.395832118305,0.199392701884,0.291520304565,0.202344793543,0.202344793543,0.202344793543,0.327277412461,0.184932089921,0.182011653618,0.183481822956,0.184955120023,0.133116178017,0.184932089921,0.184932089921,0.398323655461,0.189832190737,0.180703225967,0.171518179026,
69.mid,0.112382932441,
6.mid,0.540736637949,
70.mid,0.184307779369,0.170727315680,0.238266294754,0.650599610555,0.177267863148,0.168058728620,0.491464557040,0.169395288791,0.178595054750,0.489043982343,1.011972641666,0.203614396081,0.194572131050,0.863971227816,0.338009500618,0.157738824137,0.163672034056,0.166850404098,0.176431784952,0.037685597244,0.126881547862,0.166388976746,0.157110164764,0.473825668116,0.666791927626,0.181455672603,0.181455672603,0.540333555036,0.169422926229,0.174002482396,0.269959271146,0.659325615227,0.195130341332,0.195130341332,0.486585227406,0.173399890143,0.164166075670,0.389333577095,0.183843730920,0.192952009864,0.202003321806,0.175365016772,0.168790347827,0.203212348102,0.631852400438,0.175763362812,0.184923531248,0.416164231660,0.255310220633,
71.mid,0.166850404098,0.176431784952,0.133753085186,0.184932089921,0.184932089921,0.182011653618,0.184955120023,0.184955120023,0.269757150052,0.198226826316,0.198226826316,0.255412485032,0.700596778812,0.247054475571,0.660793913681,0.896480812531,0.357270475680,0.528293963657,0.173399890143,0.164166075670,0.160687192736,0.157903823961,0.157905694963,0.163725858921,0.157738824137,0.254385597807,0.031283742952,
72.mid,0.219521777245,0.190718549275,0.236342563035,0.830699833307,1.388790049283,0.231248772297,1.336283387864,0.302056392827,0.045390324230,0.042637799601,0.130391719953,0.174870909794,0.351575705703,0.162362209514,0.157903823961,0.157905694963,0.163725858921,0.157738824137,0.065087640307,
73.mid,0.652057614763,0.187869656450,0.187869656450,0.581166884828,0.142143400987,0.181747972723,0.172568048438,0.308644689376,0.171832205823,0.181016791120,0.187210663501,0.184932089921,0.182011653618,0.174314238963,0.166578301669,0.114219582810,0.157738824137,0.157738824137,0.163723988065,0.157903823961,0.157905694963,0.170546560516,0.174002482396,0.202214664510,0.711650622803,1.395836192916,2.774874892242,
74.mid,0.245919219748,0.622465267593,0.190731412705,0.201153682084,0.465978046248,0.157738824137,0.157738824137,0.406357320707,0.179408506035,0.179408506035,0.179410377186,0.371464841631,0.174002482396,0.089662027538,
75.mid,0.332724916747,0.195056281797,0.185960596073,0.121392152635,0.169395288791,0.178595054750,0.185002629071,0.184955120023,0.184955120023,0.372328955767,0.190386410805,0.190386410805,0.320243825549,0.657149057046,0.183852182572,0.174685050740,0.422813422005,0.169395288791,0.178595054750,0.180432242052,0.171194902589,0.161948796811,0.406695384163,0.125308757727,0.050401268095,0.269316773794,
76.mid,0.739006034528,0.275880197294,0.729899467911,
77.mid,!! Not enough voices,
78.mid,0.188439221447,0.191466514451,0.166850404098,0.176431784952,0.190436245934,0.260488045917,0.212329400602,0.315487369040,
79.mid,0.634804962310,0.323548030816,0.366713831377,0.685124486017,0.229032909522,0.155703373913,0.173399890143,0.164166075670,0.070110636499,
7.mid,0.579398629602,
80.mid,0.658963083490,0.185675839800,0.176520307369,0.498636854850,0.169395288791,0.178595054750,0.417943581070,0.952187367034,0.181032299580,0.171847714132,0.610365832332,0.170450363383,0.179623705699,0.188704467299,0.189702563223,0.174314238963,0.166578301669,0.089433702341,0.222782907389,0.137366058890,0.195529635124,0.363232413498,0.348971728231,0.184955120023,0.184955120023,0.334054432945,0.467003915708,0.315933503381,0.469627652842,0.239135568169,
81.mid,0.086900339391,
82.mid,0.188402026790,0.294696008424,0.649870055525,0.176534413696,0.167320588394,0.530293107608,0.108714587849,0.166882558411,0.176280303051,0.204124688037,0.184955120023,0.184955120023,0.182011653618,0.184932089921,0.182924925182,0.341871417345,0.865158119315,1.720788944109,0.142015685631,
83.mid,0.188750829431,0.183481822956,0.184955120023,0.255274584352,0.144755605928,0.193650839771,0.193650839771,0.356127781482,0.184955120023,0.184955120023,0.429281580053,0.346604662738,0.190614833378,0.190828811355,0.180480061741,0.319549806449,0.207142141480,0.231553341996,0.229790446717,0.235139105997,0.184932089921,0.184932089921,0.218094301535,0.690217492376,1.284363796515,0.221305097182,1.823485189197,0.876011282725,0.538628458476,0.199645952809,0.215711808001,0.206030867081,0.203337293962,0.157533889931,0.157903823961,0.114824357274,0.157738824137,0.157738824137,0.465882152805,0.956883150924,1.569472642837,
84.mid,0.244705849229,0.237503025557,0.211617469930,0.166850404098,0.176431784952,0.133753085186,0.184932089921,0.184932089921,0.177431421760,0.171194902589,0.161948796811,0.165329814187,0.174002482396,0.245866128681,0.660050405517,0.195854404103,0.195854404103,0.597503523259,0.140657577891,0.189549186761,0.189549186761,0.622241960328,0.198203688267,0.189127397295,0.179995694190,0.320136667619,0.096198615839,0.348225098850,0.197735729350,0.194834186962,0.194857084944,0.183481822956,0.184955120023,0.130921964604,0.173399890143,0.164166075670,0.165363399844,0.171832205823,0.181016791120,
85.mid,0.157533889931,0.157903823961,0.197592821208,0.343615220477,0.150693525843,0.208768560269,0.333403430405,0.333055204027,0.648794799835,1.391396430747,0.197708712642,1.771174991088,0.919799870416,0.319469213101,0.307924298405,0.317224419231,0.187044655221,0.191830339845,0.251051558039,0.219097825751,0.186306707532,0.177155807591,0.265671203271,0.157738824137,0.157738824137,0.416480269431,0.180140467005,0.180140467005,0.180142338156,0.361394282098,0.174002482396,0.180249333013,0.183481822956,0.184955120023,0.133116178017,0.184932089921,0.184932089921,0.182011653618,0.184955120023,0.184955120023,0.297292117818,0.201557634677,0.201557634677,0.196345310302,0.183481822956,0.184955120023,0.037982399642,0.159343920551,0.053978645244,0.225425473482,0.163576324031,0.193760521289,0.182465382731,0.303212469240,
86.mid,0.199307945703,0.204304207147,0.534558057730,1.120831042091,2.071209667505,0.342198464329,1.942461435636,0.920579214560,0.354737027452,0.294772675046,0.382883812271,
87.mid,0.202793068145,0.174314238963,0.166578301669,0.114219582810,0.157738824137,0.157738824137,0.084707347542,0.538124769911,0.210434613612,0.307441178370,
88.mid,0.157533889931,0.157903823961,0.302984830380,0.132113956619,0.180832738407,0.181013683874,0.272222026690,0.157903823961,0.157905694963,0.170546560516,0.174002482396,0.183173098504,0.185996189039,0.596288438094,0.197785094480,0.199239167764,0.530754770595,0.173399890143,0.164166075670,0.470704088788,0.171529571431,0.180716489651,0.189845454551,
89.mid,0.157533889931,0.157903823961,0.114824357274,0.157738824137,0.157738824137,0.163723988065,0.157903823961,0.157905694963,0.378657032687,0.194513336842,0.203551076721,0.203500365865,0.424846912168,0.925576737906,0.216190612747,0.172490394116,0.578621335945,0.109774781670,0.157738824137,0.157738824137,0.168390118559,0.171832205823,0.181016791120,0.392692031078,0.199623233500,0.190376720040,0.182092839229,0.166850404098,0.176431784952,0.205424542892,0.052889194441,0.143489669217,0.191773671409,0.356031099461,0.396721370794,0.432939521873,0.187111266002,0.187111266002,0.190220909481,0.296880909972,0.168790347827,0.165453334185,0.157533889931,0.157903823961,0.117042750905,0.169395288791,0.178595054750,0.180432242052,0.171194902589,0.161948796811,0.165329814187,0.174002482396,0.089662027538,
8.mid,0.174314238963,0.166578301669,0.114219582810,0.157738824137,0.157738824137,0.163723988065,0.157903823961,0.157905694963,0.163725858921,0.157738824137,0.163672034056,0.166850404098,0.176431784952,0.230126406367,0.152715355466,0.192390201579,0.183277332624,0.316967766966,0.171832205823,0.181016791120,0.180467699420,0.168790347827,0.229085378538,0.628153180358,0.162840433979,0.162840433979,0.491853161767,0.169395288791,0.178595054750,0.467470892995,0.183311688799,0.174141071335,0.164913839176,
90.mid,0.212995651031,0.245074217882,0.445086407775,0.336261711023,0.480535528946,0.456249043274,0.458844397522,0.213760336943,0.207682024604,0.225387575576,0.245258816488,0.212579760088,0.203594758289,0.321833013082,0.157738824137,0.157738824137,0.470574413293,0.970841608514,0.450306778376,0.925295437302,0.613077399151,0.196171348264,0.569766761452,0.174551797430,0.157738824137,0.274915775032,0.635542159587,0.170227521501,0.170227521501,0.447264753129,0.169395288791,0.178595054750,0.400199367175,0.182389692068,0.173214424930,0.163982483219,0.168347656135,0.174002482396,0.180249333013,0.183481822956,0.184955120023,0.133116178017,0.184932089921,0.184932089921,0.418073258628,0.964380510284,0.158014379509,
91.mid,0.166850404098,0.176431784952,0.131559983612,0.173399890143,0.164166075670,0.160687192736,0.157903823961,0.157905694963,0.212742607834,0.186113415423,0.185931337422,0.290308032988,0.208369882973,0.177946101441,0.211573146578,0.310597583777,0.138505398847,0.173399890143,0.164166075670,0.165363399844,0.171832205823,0.181016791120,0.349542335446,0.187484205052,0.187484205052,0.203328126583,0.656059545321,0.191867554323,0.191867554323,0.560702811003,0.173399890143,0.164166075670,0.447617677203,0.167277223865,0.167277223865,0.167279095016,
92.mid,0.186217074682,0.183481822956,0.184955120023,0.218993858328,0.158246577242,0.207134291093,0.207134291093,0.191302023543,0.184955120023,0.184955120023,0.182011653618,0.184932089921,0.226272885302,0.653514146983,0.180197937861,0.171007518693,0.522987525324,0.169395288791,0.178595054750,0.180432242052,0.171194902589,0.161948796811,0.165329814187,0.174002482396,0.180249333013,0.183481822956,0.184955120023,0.130921964604,0.173399890143,0.164166075670,0.420387813018,0.168950698097,0.178153975584,0.187299093506,0.405539517618,0.340952053779,0.209807285218,0.208801234892,0.186032116849,0.183481822956,0.184955120023,0.133116178017,0.184932089921,0.184932089921,0.177431421760,0.171194902589,0.161948796811,0.361801489061,0.403695215260,
93.mid,0.192748643479,0.183481822956,0.184955120023,0.243559888532,0.237851252052,0.255400382543,0.203657375582,0.426393527725,0.339788739467,0.693357243802,0.189141503691,0.180007929250,0.170818213872,0.326551902018,0.157738824137,0.163672034056,0.166850404098,0.176431784952,0.131559983612,0.173399890143,0.164166075670,0.398118249926,0.449978849537,0.965821375959,1.938439796431,0.223753412743,
94.mid,0.157533889931,0.157903823961,0.114824357274,0.157738824137,0.157738824137,0.428856295822,1.036610343395,0.130845372773,0.504228054099,0.936896792195,0.329765253787,0.192208821786,0.528596957252,0.203312202533,0.203312202533,0.286096322572,0.656422807325,0.192230450826,0.192230450826,0.495140317408,0.184932089921,0.184932089921,0.453095731711,0.190595283928,0.181470923459,0.172290539593,0.349709175278,0.286919742038,0.195408852617,0.198608631652,0.092838292373,
95.mid,0.109682174030,
96.mid,0.104706042910,
97.mid,0.318548205664,0.266452792862,0.189456970444,0.190193427022,0.273001221848,0.655332746796,0.299410014535,0.701983926523,0.980547374885,1.036059878543,0.576922719304,0.177274546576,0.554390662034,0.173399890143,0.164166075670,0.377166641617,0.172653770986,0.172653770986,0.172655641942,0.345833033899,0.186348641026,0.195440896441,0.245811686677,0.078117377137,
98.mid,!! Not enough voices,
99.mid,0.188154681243,0.186540895246,0.183640698885,0.157533889931,0.157903823961,0.293278082755,0.122412719157,0.171137280199,0.171319484987,0.115166549156,
9.mid,0.740692727578,1.387506226545,2.782192901096,
