100.mid,0.000000000000,0.180595773150,0.009157153942,0.623097629608,0.000000000000,0.325470997250,0.012571786110,0.000000000000,0.000000000000,0.000000000000,0.000000000000,0.000000000000,0.000000000000,0.000000000000,0.214073131506,0.011261013185,0.000000000000,0.000000000000,0.000000000000,0.000000000000,0.000000000000,0.165173878425,0.096940880277,0.156129905634,0.000000000000,0.000000000000,0.000000000000,0.000000000000,0.000000000000,0.000000000000,0.000000000000,0.000000000000,0.000000000000,0.000000000000,0.000000000000,0.000000000000,0.000000000000,0.000000000000,0.000000000000,0.005488508348,0.006305828922,0.000000000000,0.000000000000,0.000000000000,0.000000000000,0.000000000000,0.303761842918,0.119577906218,0.058125412631,0.000000000000,0.000000000000,0.000000000000,0.000000000000,0.008634609561,0.009365648521,0.000000000000,0.287560812218,0.060835478092,0.102808553359,0.000000000000,0.000000000000,0.227453148472,
10.mid,0.000000000000,0.000000000000,0.000000000000,0.000000000000,0.334707009717,0.037722655502,0.027046744968,0.000000000000,0.000000000000,0.000000000000,0.000000000000,0.371588080000,0.038515746863,0.000000000000,0.000000000000,0.000000000000,0.000000000000,0.000000000000,0.000000000000,0.000000000000,0.000000000000,0.000000000000,0.000000000000,0.000000000000,0.000000000000,0.000000000000,0.000000000000,0.000000000000,0.351472370501,0.023481167151,0.073598411570,0.000000000000,0.000000000000,0.039704709109,0.042886897639,0.000000000000,0.000000000000,0.000000000000,0.000000000000,
11.mid,0.000000000000,0.000000000000,0.000000000000,0.000000000000,0.000000000000,0.000000000000,0.000000000000,0.369064568650,0.014998043176,0.059694963743,0.000000000000,0.000000000000,0.000000000000,0.000000000000,0.000000000000,0.000000000000,0.000000000000,0.000000000000,0.000000000000,0.000000000000,0.000000000000,0.000000000000,
12.mid,0.068433493656,0.029116203213,0.167115826914,0.281007524175,0.013011338747,0.000000000000,0.000000000000,0.008877756613,0.294824334387,0.000000000000,0.000000000000,0.000000000000,0.000000000000,0.000000000000,0.000000000000,0.000000000000,0.149886831676,
13.mid,0.004334978614,0.000000000000,0.000000000000,0.000000000000,0.000000000000,0.000000000000,0.000000000000,0.000000000000,0.000000000000,0.000000000000,0.000000000000,0.000000000000,0.000000000000,0.000000000000,0.000000000000,0.000000000000,0.000000000000,0.000000000000,0.000000000000,0.000000000000,0.000000000000,0.000000000000,0.174711816422,0.104121406566,0.119813462998,0.043921414358,0.000000000000,0.223644415060,0.031413521426,0.014335684835,0.000000000000,0.015295480333,0.017885837110,0.000000000000,0.000000000000,0.000000000000,0.000000000000,0.000000000000,0.061730967074,0.023920429483,0.000000000000,0.000000000000,0.000000000000,0.000000000000,0.000000000000,0.000000000000,0.000000000000,0.000000000000,
14.mid,0.000000000000,0.000000000000,0.000000000000,0.000000000000,0.000000000000,0.000000000000,0.000000000000,0.000000000000,0.000000000000,0.000000000000,0.000000000000,0.000000000000,0.000000000000,0.000000000000,0.000000000000,0.000000000000,0.405062101664,0.065200445132,0.000000000000,0.000000000000,0.000000000000,0.459386125692,0.024459195834,0.028502958790,0.076103473199,0.152131099748,0.000000000000,0.000000000000,0.000000000000,0.000000000000,0.027221468735,0.031062056291,0.000000000000,0.000000000000,0.260418867332,0.029780299424,0.175977671565,0.000000000000,0.387680836839,0.041323927569,0.065484031797,0.000000000000,0.000000000000,0.000000000000,0.000000000000,0.000000000000,0.000000000000,0.000000000000,0.000000000000,
15.mid,0.000000000000,0.000000000000,0.000000000000,0.000000000000,0.000000000000,0.000000000000,0.000000000000,0.000000000000,0.000000000000,0.035590431484,0.051238934096,0.064648971307,0.074771258435,0.000000000000,0.000000000000,0.000000000000,0.000000000000,0.000000000000,0.000000000000,0.000000000000,0.000000000000,0.000000000000,0.000000000000,0.000000000000,0.000000000000,0.000000000000,0.250146288113,0.011965562241,0.000000000000,0.000000000000,
16.mid,0.025524602534,0.000000000000,0.000000000000,0.032294783672,0.390477042238,0.000000000000,0.000000000000,0.139397780717,0.019315699431,0.000000000000,0.000000000000,0.007164630773,0.037527143478,0.421613474288,0.046644867139,0.008294416998,0.000000000000,0.000000000000,0.000000000000,0.000000000000,0.033794142983,0.353954087327,0.023867490269,0.000000000000,0.000000000000,0.000000000000,0.000000000000,0.000000000000,0.000000000000,0.000000000000,
17.mid,0.000000000000,0.000000000000,0.006511426515,0.006622671877,0.000000000000,0.000000000000,0.000000000000,0.000000000000,0.000000000000,0.000000000000,0.000000000000,0.000000000000,0.000000000000,0.000000000000,0.000000000000,0.000000000000,0.000000000000,0.000000000000,0.000000000000,0.006403482277,0.048317273649,0.083665887363,0.054076672756,0.000000000000,0.067010384429,0.093561860264,0.204532047163,0.269629933987,0.020447243044,0.000000000000,0.000000000000,0.000000000000,0.078989529405,0.103770790891,0.000000000000,0.000000000000,0.000000000000,0.000000000000,0.000000000000,0.000000000000,0.000000000000,
18.mid,0.000000000000,0.000000000000,0.000000000000,0.000000000000,0.000000000000,0.000000000000,0.000000000000,0.038801415167,0.052702997480,0.056140043331,0.000000000000,0.000000000000,0.000000000000,0.000000000000,0.016416805668,0.016441758881,0.000000000000,0.000000000000,0.000000000000,0.000000000000,0.000000000000,0.000000000000,0.000000000000,0.000000000000,0.000000000000,0.000000000000,0.039592278027,0.300941700455,0.538957331457,0.000000000000,0.000000000000,0.000000000000,0.000000000000,0.000000000000,0.000000000000,0.000000000000,0.000000000000,0.262747616241,0.041421027066,0.000000000000,0.000000000000,0.000000000000,0.000000000000,0.000000000000,0.421958433414,0.279729525811,0.249743811815,0.000000000000,0.000000000000,0.000000000000,0.000000000000,0.000000000000,0.000000000000,0.000000000000,0.000000000000,0.000000000000,0.000000000000,0.000000000000,0.000000000000,0.205621734678,0.403636866780,0.173955403566,
19.mid,0.000000000000,0.000000000000,0.000000000000,0.000000000000,0.000000000000,0.000000000000,0.000000000000,0.151881444552,0.061777296390,0.022682707557,0.000000000000,0.101211233791,0.065704997681,0.000000000000,0.000000000000,0.017707520960,0.432785912592,0.000000000000,0.000000000000,0.039780698633,0.040124095475,0.000000000000,0.000000000000,0.000000000000,0.000000000000,0.054251428378,0.020728350049,0.000000000000,0.000000000000,0.000000000000,0.000000000000,0.428918015645,0.047370321814,0.018193847077,0.000000000000,0.000000000000,
1.mid,0.000000000000,0.000000000000,0.122561741868,
20.mid,0.010720588165,0.000000000000,0.000000000000,0.000000000000,0.000000000000,0.000000000000,0.000000000000,0.000000000000,0.000000000000,0.000000000000,0.000000000000,0.000000000000,0.000000000000,0.130041203260,0.316152588666,
21.mid,0.029284852328,0.000000000000,0.000000000000,0.411455215797,
22.mid,0.000000000000,0.000000000000,0.263236227901,0.102274591656,0.030049453504,0.000000000000,0.000000000000,0.031797239737,0.080911681312,0.000000000000,0.000000000000,0.527565768008,0.043141493331,0.157497134248,0.000000000000,
23.mid,0.000000000000,0.000000000000,0.016098590254,0.018638672327,0.000000000000,0.315768956047,0.026733764696,0.011250025796,0.000000000000,0.000000000000,0.000000000000,0.000000000000,0.154043969498,0.030009479222,0.000000000000,0.000000000000,0.000000000000,0.000000000000,0.000000000000,0.000000000000,0.000000000000,0.000000000000,0.007318462692,0.007886838838,0.000000000000,0.000000000000,0.000000000000,0.000000000000,0.000000000000,0.000000000000,0.000000000000,
24.mid,0.048357071940,0.000000000000,0.000000000000,0.000000000000,0.000000000000,0.000000000000,0.014763380900,0.015818307135,0.000000000000,0.000000000000,0.000000000000,0.000000000000,0.000000000000,0.000000000000,0.000000000000,0.000000000000,0.000000000000,0.000000000000,0.000000000000,0.000000000000,0.000000000000,0.000000000000,0.000000000000,0.000000000000,0.000000000000,0.000000000000,0.000000000000,
25.mid,0.015825544466,0.000000000000,0.000000000000,0.000000000000,0.000000000000,0.000000000000,0.000000000000,0.000000000000,0.028108671536,0.228860244699,0.191628156728,0.188840447806,0.073053067609,0.000000000000,0.000000000000,0.000000000000,0.000000000000,0.000000000000,0.000000000000,0.000000000000,0.000000000000,0.046953655114,0.082046680052,0.000000000000,0.000000000000,0.000000000000,0.000000000000,0.000000000000,0.000000000000,0.000000000000,0.000000000000,0.000000000000,0.000000000000,0.000000000000,0.000000000000,0.018317918393,0.354929036849,0.089767376424,0.147110683505,0.000000000000,0.000000000000,0.000000000000,0.000000000000,0.000000000000,0.000000000000,0.000000000000,0.000000000000,0.000000000000,0.000000000000,
26.mid,0.000000000000,0.000000000000,0.060846376558,0.577884642652,0.309005699314,0.000000000000,0.000000000000,0.000000000000,0.000000000000,0.010473012101,0.372229870227,0.177129343501,0.000000000000,0.000000000000,0.494982850929,0.027994042727,0.000000000000,0.000000000000,0.000000000000,0.000000000000,0.000000000000,0.000000000000,0.000000000000,0.000000000000,0.000000000000,0.000000000000,0.000000000000,0.000000000000,0.000000000000,0.000000000000,0.000000000000,0.000000000000,0.000000000000,0.000000000000,0.000000000000,0.000000000000,0.000000000000,0.000000000000,0.000000000000,0.000000000000,0.009539756857,0.026234479179,0.014557891308,0.000000000000,0.430134842593,0.029710203286,0.079443360257,0.000000000000,0.000000000000,0.000000000000,0.000000000000,0.000000000000,0.000000000000,0.139681009931,0.055862905596,0.494614382356,
27.mid,0.000000000000,0.000000000000,0.000000000000,0.000000000000,0.562629314174,0.016822061538,0.182840792565,0.000000000000,0.000000000000,0.000000000000,0.000000000000,0.000000000000,0.000000000000,0.000000000000,0.000000000000,0.000000000000,0.000000000000,0.000000000000,0.000000000000,0.000000000000,0.000000000000,
28.mid,0.033431573801,0.000000000000,0.000000000000,0.024337632065,0.062170869881,0.170552931842,0.000000000000,0.000000000000,0.218336218268,
29.mid,0.000000000000,0.256436897007,0.042896872441,0.324336215398,0.000000000000,0.000000000000,0.000000000000,0.000000000000,0.000000000000,0.000000000000,0.000000000000,0.000000000000,0.000000000000,0.000000000000,0.000000000000,0.000000000000,0.000000000000,0.000000000000,0.000000000000,0.000000000000,
2.mid,0.000000000000,0.000000000000,0.000000000000,0.000000000000,0.000000000000,0.000000000000,0.000000000000,0.009589859107,0.247507853939,0.045556505703,0.000000000000,0.000000000000,0.082748426979,0.049443609294,0.000000000000,0.000000000000,0.000000000000,0.000000000000,0.000000000000,0.058631930467,0.403161341153,0.000000000000,0.568637630174,0.025973433377,0.000000000000,0.000000000000,0.912878019954,0.034018963787,0.000000000000,0.000000000000,0.000000000000,0.000000000000,0.000000000000,0.000000000000,0.000000000000,0.000000000000,0.000000000000,0.000000000000,0.000000000000,0.000000000000,0.335737466010,0.076596851715,0.365299872140,0.000000000000,0.000000000000,
30.mid,0.000000000000,0.000000000000,0.000000000000,0.000000000000,0.000000000000,0.000000000000,0.000000000000,0.214261061257,0.065948168732,0.061296179269,0.000000000000,0.000000000000,0.000000000000,0.000000000000,0.000000000000,0.022850952023,0.509494587132,0.000000000000,0.000000000000,0.000000000000,0.000000000000,0.158283177260,0.026097779206,0.000000000000,0.000000000000,0.000000000000,0.000000000000,0.000000000000,
31.mid,0.000000000000,0.000000000000,0.034979668874,0.047119984963,0.009114934529,0.000000000000,0.000000000000,0.000000000000,0.000000000000,0.000000000000,0.000000000000,0.000000000000,0.492069316515,0.025977418806,0.000000000000,0.255277789875,0.022553261396,0.452351293531,0.000000000000,0.000000000000,0.000000000000,0.000000000000,0.487227153986,0.026064262790,0.056895318732,0.000000000000,0.000000000000,0.000000000000,0.000000000000,0.000000000000,0.000000000000,0.000000000000,0.019735788346,0.019890768570,0.000000000000,0.000000000000,0.000000000000,0.000000000000,0.000000000000,0.000000000000,0.000000000000,0.000000000000,0.000000000000,0.000000000000,0.000000000000,0.000000000000,0.000000000000,0.000000000000,
32.mid,0.013969240800,0.000000000000,0.000000000000,0.000000000000,0.000000000000,0.000000000000,0.000000000000,0.000000000000,0.000000000000,0.408097281248,0.044449823522,0.032553806064,0.000000000000,0.000000000000,0.000000000000,0.000000000000,0.000000000000,0.000000000000,0.000000000000,0.000000000000,0.000000000000,0.000000000000,0.185554294202,0.071701388614,0.024869447544,0.000000000000,0.000000000000,
33.mid,0.000000000000,0.000000000000,0.000000000000,0.000000000000,0.000000000000,0.000000000000,0.000000000000,0.522326745866,0.013510887402,0.000000000000,0.000000000000,0.000000000000,0.000000000000,0.000000000000,0.000000000000,0.000000000000,0.225365323880,0.040449453509,0.027139120536,0.000000000000,0.000000000000,0.038345792644,0.108231604827,0.058372368704,0.000000000000,0.000000000000,0.000000000000,0.000000000000,0.000000000000,0.000000000000,0.181020600875,0.085952448682,0.359203749436,0.184842827325,0.000000000000,0.000000000000,0.000000000000,0.000000000000,0.000000000000,0.469854589598,0.115754416880,
34.mid,0.000000000000,0.000000000000,0.000000000000,0.000000000000,0.000000000000,0.000000000000,0.000000000000,0.000000000000,0.000000000000,0.000000000000,0.000000000000,0.000000000000,0.000000000000,0.046207812385,0.240318491455,0.154125135761,0.000000000000,0.000000000000,0.000000000000,0.000000000000,0.000000000000,0.000000000000,0.000000000000,0.088335698899,0.050986385782,0.000000000000,0.000000000000,
35.mid,0.000000000000,0.000000000000,0.029275715951,0.031686933174,0.000000000000,0.000000000000,0.000000000000,0.000000000000,0.000000000000,0.000000000000,0.000000000000,0.000000000000,0.000000000000,0.000000000000,0.000000000000,0.000000000000,0.000000000000,0.000000000000,0.000000000000,0.000000000000,0.000000000000,0.000000000000,0.000000000000,0.483003548340,0.023778490625,0.000000000000,0.000000000000,0.000000000000,0.000000000000,0.000000000000,0.013862233780,0.254539161025,0.000000000000,0.000000000000,0.000000000000,0.000000000000,0.000000000000,0.000000000000,0.000000000000,0.000000000000,0.000000000000,0.000000000000,0.210669936312,
36.mid,0.000000000000,0.000000000000,0.000000000000,0.000000000000,0.000000000000,0.000000000000,0.000000000000,0.000000000000,
37.mid,0.000000000000,0.000000000000,
38.mid,0.000000000000,0.000000000000,0.000000000000,0.000000000000,0.000000000000,0.000000000000,0.000000000000,0.000000000000,
39.mid,0.000000000000,0.000000000000,0.008989201547,0.009058531237,0.000000000000,0.000000000000,0.030804697309,0.552665155125,0.219513185715,0.015969925177,0.000000000000,0.019217419516,0.157699505064,0.017748668994,0.000000000000,0.000000000000,0.058771421581,0.386513527638,0.025070882034,0.000000000000,0.000000000000,0.000000000000,0.000000000000,0.000000000000,0.312759779614,0.028847695505,0.019080871337,0.000000000000,0.000000000000,0.000000000000,0.000000000000,0.000000000000,0.000000000000,0.000000000000,0.000000000000,0.000000000000,0.000000000000,
3.mid,0.020424738852,0.000000000000,0.000000000000,0.000000000000,0.000000000000,0.000000000000,0.013545065418,0.173848298875,0.000000000000,0.604355226943,0.010737195792,0.051552758708,0.000000000000,0.000000000000,0.000000000000,0.000000000000,0.000000000000,0.000000000000,0.000000000000,0.000000000000,0.000000000000,0.000000000000,0.000000000000,0.000000000000,0.000000000000,0.000000000000,0.000000000000,0.000000000000,0.000000000000,0.000000000000,0.000000000000,0.000000000000,0.000000000000,0.000000000000,0.000000000000,0.000000000000,0.000000000000,0.000000000000,0.000000000000,0.000000000000,0.000000000000,0.385434891374,0.342060229348,0.045372178532,0.048714787951,0.022282116926,0.000000000000,0.000000000000,0.000000000000,0.000000000000,
40.mid,0.045137334302,0.000000000000,0.000000000000,0.015657713028,0.178211932921,0.000000000000,0.000000000000,0.000000000000,0.000000000000,0.000000000000,
41.mid,0.000000000000,0.000000000000,0.000000000000,0.000000000000,0.000000000000,0.000000000000,0.000000000000,0.000000000000,0.000000000000,0.000000000000,0.000000000000,0.000000000000,0.000000000000,0.000000000000,0.000000000000,0.000000000000,0.015573301271,
42.mid,0.065224806306,0.000000000000,0.000000000000,0.000000000000,0.000000000000,0.000000000000,0.000000000000,0.000000000000,0.017415324222,0.040667282867,0.156504485680,0.000000000000,0.000000000000,0.000000000000,0.000000000000,0.000000000000,0.000000000000,0.000000000000,0.000000000000,0.000000000000,0.000000000000,0.000000000000,0.000000000000,0.083021279823,0.106644533595,0.307401551905,0.056296536107,0.000000000000,0.000000000000,0.000000000000,0.000000000000,0.000000000000,0.007589232930,0.370020750313,0.000000000000,0.000000000000,0.000000000000,0.000000000000,0.000000000000,0.000000000000,0.000000000000,0.014604773756,0.038508192404,0.024549035440,0.000000000000,0.173268444517,0.035997252709,0.173569244214,0.000000000000,0.595446848173,0.026173545455,0.020649677487,0.000000000000,0.000000000000,0.000000000000,0.000000000000,0.000000000000,0.000000000000,0.000000000000,0.356293087999,0.368651401548,
43.mid,0.000000000000,0.000000000000,0.000000000000,0.000000000000,0.000000000000,0.000000000000,0.000000000000,0.000000000000,0.000000000000,0.000000000000,0.000000000000,0.000000000000,0.000000000000,0.000000000000,0.000000000000,0.000000000000,
44.mid,0.000000000000,0.144443232875,0.036736171790,0.020540744086,0.000000000000,0.000000000000,0.008704094692,0.375789230773,0.000000000000,0.000000000000,0.000000000000,0.000000000000,0.010425696760,0.069844152206,0.014649081711,0.000000000000,0.000000000000,0.020832309804,0.645050968345,0.000000000000,0.304091582112,0.065020582459,0.166300948402,0.000000000000,0.000000000000,0.000000000000,0.000000000000,0.000000000000,0.000000000000,0.000000000000,0.000000000000,0.000000000000,0.000000000000,0.000000000000,0.000000000000,0.000000000000,0.000000000000,0.000000000000,0.067911855207,0.030790102149,0.000000000000,0.000000000000,0.028478292928,0.030944331563,0.000000000000,0.000000000000,0.000000000000,0.000000000000,0.401134736334,0.185124852357,
45.mid,0.000000000000,0.000000000000,0.000000000000,0.000000000000,0.000000000000,0.033048664182,0.072009708562,0.000000000000,0.000000000000,0.000000000000,0.000000000000,0.000000000000,0.000000000000,0.000000000000,0.000000000000,0.000000000000,0.000000000000,0.000000000000,0.000000000000,0.000000000000,0.000000000000,0.000000000000,0.000000000000,0.000000000000,0.000000000000,0.010421744513,0.012803378774,0.000000000000,0.000000000000,0.000000000000,0.000000000000,0.000000000000,
46.mid,0.034619798819,0.000000000000,0.000000000000,0.000000000000,0.000000000000,0.000000000000,0.000000000000,0.000000000000,0.000000000000,0.204124558512,0.306600025532,0.078040340583,0.003468143610,0.000000000000,0.000000000000,0.000000000000,0.000000000000,0.000000000000,0.000000000000,0.000000000000,0.000000000000,0.000000000000,0.000000000000,0.000000000000,0.000000000000,0.054706228278,0.055206125746,0.000000000000,0.000000000000,0.000000000000,0.000000000000,0.000000000000,0.050947131161,0.403161341153,0.000000000000,0.021035105899,0.039207468733,0.155005581607,0.000000000000,0.000000000000,0.000000000000,0.000000000000,0.000000000000,0.000000000000,0.000000000000,0.000000000000,0.000000000000,0.000000000000,
47.mid,0.000000000000,0.000000000000,0.000000000000,0.000000000000,0.000000000000,0.000000000000,0.000000000000,0.000000000000,0.000000000000,0.000000000000,0.000000000000,0.000000000000,0.384333105146,0.047583630223,0.007213488849,0.000000000000,0.000000000000,0.000000000000,0.000000000000,0.000000000000,0.000000000000,0.000000000000,0.000000000000,0.000000000000,
48.mid,0.000000000000,0.000000000000,0.000000000000,0.000000000000,0.000000000000,0.000000000000,0.000000000000,0.000000000000,0.000000000000,0.000000000000,0.000000000000,0.000000000000,0.000000000000,0.000000000000,0.000000000000,0.000000000000,0.000000000000,0.000000000000,0.000000000000,0.000000000000,0.000000000000,0.000000000000,0.000000000000,0.000000000000,0.000000000000,0.000000000000,0.452370283981,0.049777147870,0.013891505420,0.000000000000,0.000000000000,0.000000000000,0.000000000000,0.000000000000,0.000000000000,0.000000000000,0.000000000000,0.000000000000,0.000000000000,0.000000000000,0.000000000000,0.000000000000,0.000000000000,0.000000000000,0.000000000000,0.000000000000,0.000000000000,0.000000000000,0.000000000000,0.000000000000,
49.mid,0.000000000000,0.000000000000,0.034015490271,0.306202074731,0.020154740219,0.000000000000,0.000000000000,0.000000000000,0.000000000000,0.000000000000,0.000000000000,0.000000000000,0.000000000000,0.000000000000,0.000000000000,0.000000000000,0.000000000000,0.000000000000,0.000000000000,0.000000000000,0.020951790695,0.021725195777,0.202908359683,0.176251382870,0.056485054250,0.000000000000,0.000000000000,0.000000000000,0.000000000000,0.000000000000,0.000000000000,0.000000000000,
4.mid,0.000000000000,0.000000000000,0.000000000000,0.000000000000,0.000000000000,0.000000000000,0.000000000000,0.000000000000,0.000000000000,0.000000000000,0.027263206701,0.083997261528,0.019694918176,0.000000000000,0.000000000000,0.000000000000,0.000000000000,0.000000000000,0.000000000000,0.000000000000,0.409252521816,0.373081980255,0.200082877226,0.073460171063,0.000000000000,0.000000000000,0.000000000000,0.000000000000,0.000000000000,0.000000000000,0.000000000000,0.000000000000,0.000000000000,0.000000000000,0.000000000000,0.000000000000,0.000000000000,0.370482928934,0.026866095065,0.000000000000,0.000000000000,0.000000000000,0.000000000000,0.000000000000,0.000000000000,0.000000000000,0.000000000000,0.000000000000,0.000000000000,0.000000000000,0.000000000000,0.000000000000,0.043013375651,0.300383761565,0.000000000000,0.000000000000,0.000000000000,0.000000000000,0.000000000000,0.000000000000,0.000000000000,0.000000000000,0.000000000000,0.000000000000,0.000000000000,0.000000000000,0.000000000000,
50.mid,0.000000000000,0.000000000000,0.036778364280,0.082347271079,0.000000000000,0.411045339867,0.064984990201,0.139891919611,0.299342392061,0.000000000000,0.000000000000,0.000000000000,0.000000000000,0.017097764764,0.017136766383,0.000000000000,0.000000000000,0.000000000000,0.000000000000,0.000000000000,
51.mid,0.000000000000,0.000000000000,
52.mid,0.000000000000,0.000000000000,0.000000000000,0.000000000000,0.000000000000,0.000000000000,0.000000000000,0.000000000000,0.000000000000,0.000000000000,0.000000000000,0.000000000000,0.269058193462,0.022499239999,0.546197581418,0.000000000000,0.000000000000,0.000000000000,0.000000000000,0.244041248327,0.318167455149,0.003668707416,0.000000000000,0.000000000000,0.059696014716,0.028888571178,0.000000000000,0.000000000000,0.000000000000,0.000000000000,0.000000000000,0.000000000000,0.000000000000,0.005364751856,0.450756359282,0.441118501718,0.587714673058,0.080089858480,0.026235567089,0.000000000000,0.000000000000,0.000000000000,0.226960083980,0.012943951340,0.005253077875,0.000000000000,0.508161822263,0.044879075381,0.285108498888,0.000000000000,0.000000000000,0.000000000000,0.000000000000,0.000000000000,0.000000000000,0.000000000000,0.000000000000,0.000000000000,0.000000000000,
53.mid,0.000000000000,0.000000000000,0.000000000000,0.000000000000,0.000000000000,0.000000000000,0.000000000000,0.000000000000,0.000000000000,0.000000000000,0.000000000000,0.000000000000,0.000000000000,0.000000000000,0.000000000000,0.000000000000,0.000000000000,0.000000000000,0.000000000000,0.000000000000,0.000000000000,0.000000000000,0.000000000000,0.000000000000,0.000000000000,0.000000000000,0.173823329922,0.027115972984,0.281998926408,0.000000000000,0.243682752626,0.038923392113,0.000000000000,0.000000000000,0.000000000000,0.000000000000,0.072497392555,0.057311438944,0.048976785825,0.516210768972,0.434086614445,0.000000000000,0.000000000000,0.000000000000,0.000000000000,0.000000000000,0.000000000000,0.000000000000,0.000000000000,0.000000000000,0.106915203917,0.034174732146,0.407198558439,0.293858166694,0.000000000000,0.146555528605,0.011723068653,
54.mid,0.021059452151,0.000000000000,0.000000000000,0.000000000000,0.000000000000,0.000000000000,0.000000000000,0.000000000000,0.000000000000,0.020203197161,0.574128694810,
55.mid,0.000000000000,0.000000000000,0.000000000000,0.000000000000,0.000000000000,0.000000000000,0.000000000000,0.000000000000,0.000000000000,0.000000000000,0.000000000000,0.000000000000,0.000000000000,0.000000000000,0.000000000000,0.000000000000,0.000000000000,0.000000000000,0.414386903984,0.357639026119,0.174303921356,0.073719063358,0.220169271424,
56.mid,0.000000000000,0.000000000000,0.000000000000,0.000000000000,0.000000000000,0.000000000000,0.000000000000,0.000000000000,0.000000000000,0.000000000000,0.000000000000,0.000000000000,0.000000000000,0.042067477675,0.063248558173,0.014230206737,0.000000000000,0.000000000000,0.037853111456,0.389920307751,0.000000000000,0.045029920362,0.463239989967,0.087781121340,0.105793840663,0.044828760402,0.030370075934,0.000000000000,0.000000000000,0.000000000000,0.000000000000,0.000000000000,0.000000000000,0.267841791291,0.033497642697,
57.mid,0.006304551725,0.000000000000,0.000000000000,0.000000000000,0.000000000000,0.000000000000,0.000000000000,0.000000000000,0.000000000000,0.000000000000,0.000000000000,0.058422714094,0.020668003898,0.000000000000,0.000000000000,0.000000000000,0.000000000000,0.000000000000,0.000000000000,0.000000000000,0.000000000000,0.000000000000,0.000000000000,0.000000000000,0.000000000000,0.000000000000,0.000000000000,0.000000000000,0.000000000000,0.000000000000,0.000000000000,0.000000000000,
58.mid,0.000000000000,0.000000000000,0.023960531520,0.437981698668,0.000000000000,0.000000000000,
59.mid,0.058012738133,0.000000000000,0.000000000000,0.000000000000,0.000000000000,0.000000000000,0.000000000000,0.000000000000,0.000000000000,0.000000000000,0.000000000000,0.000000000000,0.000000000000,0.000000000000,0.011829604758,0.432785912592,0.000000000000,0.000000000000,0.000000000000,0.000000000000,0.000000000000,0.000000000000,0.000000000000,0.020812035899,0.020694750925,0.000000000000,0.000000000000,0.000000000000,0.000000000000,0.000000000000,
5.mid,0.077217835356,0.039324796162,0.000000000000,0.000000000000,0.000000000000,0.000000000000,0.000000000000,0.000000000000,0.378503740243,0.063949041839,0.033144450901,0.000000000000,0.217769230540,0.007775358750,0.000000000000,0.000000000000,0.076205951009,0.109441461728,0.036741985712,0.000000000000,0.000000000000,0.000000000000,0.000000000000,0.000000000000,0.000000000000,0.000000000000,0.000000000000,0.000000000000,0.000000000000,0.000000000000,0.082622192433,0.044352041154,0.000000000000,0.000000000000,0.017648626307,0.043941858483,0.076603447430,0.000000000000,0.000000000000,0.000000000000,0.000000000000,0.350733416445,0.020208164891,0.000000000000,0.000000000000,0.000000000000,0.000000000000,0.000000000000,0.000000000000,0.000000000000,0.000000000000,
60.mid,0.000000000000,0.000000000000,0.000000000000,0.000000000000,0.000000000000,0.008786022436,0.066447856148,0.195645807613,0.000000000000,0.000000000000,0.240497787910,0.071225428309,0.000000000000,0.000000000000,0.261887589366,0.032054745614,0.000000000000,0.338017797426,0.911209121513,
61.mid,0.052277028541,0.010960004908,0.000000000000,0.000000000000,0.000000000000,0.000000000000,0.000000000000,
62.mid,0.000000000000,0.000000000000,0.036693103007,0.468422426606,0.000000000000,0.000000000000,0.000000000000,0.000000000000,0.000000000000,
63.mid,0.000000000000,0.293001689017,0.043729455589,0.066837146602,0.036283921648,0.000000000000,0.000000000000,0.000000000000,0.000000000000,0.000000000000,0.000000000000,0.000000000000,0.000000000000,0.000000000000,0.000000000000,0.000000000000,0.000000000000,0.000000000000,
64.mid,0.000000000000,0.000000000000,0.000000000000,0.000000000000,0.000000000000,0.000000000000,0.000000000000,0.000000000000,0.000000000000,0.000000000000,0.060715519056,
65.mid,0.015546664933,0.000000000000,0.000000000000,0.000000000000,0.000000000000,0.000000000000,0.000000000000,0.000000000000,0.000000000000,0.000000000000,0.000000000000,0.181270223826,0.057965493002,0.002843969667,0.000000000000,0.000000000000,
66.mid,0.115179615453,0.076931200014,0.000000000000,0.000000000000,
67.mid,0.113528290091,0.140371236970,0.084217845179,0.013004607843,0.000000000000,0.000000000000,0.000000000000,0.000000000000,0.000000000000,0.000000000000,0.000000000000,0.000000000000,0.000000000000,0.000000000000,0.000000000000,0.000000000000,0.000000000000,0.000000000000,0.000000000000,0.000000000000,0.000000000000,0.000000000000,0.000000000000,0.000000000000,0.000000000000,0.513687208122,0.062245111630,0.000000000000,0.000000000000,0.000000000000,0.000000000000,0.201040999063,0.031357404204,0.370791214973,0.000000000000,0.251830897692,0.078671561156,0.031652954616,0.015294729965,0.000000000000,0.243443253625,0.005950357514,0.000000000000,0.000000000000,
68.mid,0.000000000000,0.000000000000,0.000000000000,0.000000000000,0.000000000000,0.017912898065,0.337767325130,0.382681099170,0.000000000000,0.037795461538,0.049124589881,0.011714463933,0.000000000000,0.000000000000,0.000000000000,0.000000000000,0.000000000000,0.000000000000,0.000000000000,0.000000000000,0.000000000000,0.000000000000,0.000000000000,0.000000000000,0.000000000000,0.000000000000,0.000000000000,0.000000000000,0.004029278376,0.004302690039,0.000000000000,0.272010760660,0.062552120135,0.094110320805,0.000000000000,0.000000000000,0.000000000000,0.000000000000,0.000000000000,0.000000000000,0.000000000000,0.000000000000,0.000000000000,0.000000000000,0.056062897091,0.056847363342,0.000000000000,0.000000000000,0.000000000000,0.000000000000,0.356779075605,0.010349012084,0.000000000000,0.000000000000,0.000000000000,0.000000000000,0.000000000000,0.000000000000,0.000000000000,0.000000000000,0.000000000000,0.000000000000,
69.mid,0.000000000000,0.000000000000,0.000000000000,0.000000000000,0.000000000000,0.000000000000,0.000000000000,0.000000000000,0.000000000000,0.000000000000,0.939806916426,
6.mid,0.000000000000,0.000000000000,0.000000000000,0.000000000000,0.000000000000,0.000000000000,0.405666274118,0.040827076644,0.265858702834,0.000000000000,0.000000000000,0.000000000000,0.000000000000,0.061603949427,0.021920697800,0.000000000000,0.000000000000,0.000000000000,0.000000000000,0.000000000000,0.073647666577,0.306866678326,0.000000000000,0.018042406890,0.387711206974,0.010040706569,0.054076672756,0.000000000000,0.000000000000,0.000000000000,0.000000000000,
70.mid,0.000000000000,0.000000000000,0.000000000000,0.000000000000,0.000000000000,0.000000000000,0.000000000000,0.000000000000,0.000000000000,0.000000000000,0.053910632913,0.016605242748,0.000000000000,0.000000000000,0.000000000000,0.000000000000,0.000000000000,0.000000000000,0.000000000000,0.000000000000,0.000000000000,0.010539843930,0.049681095174,0.000000000000,0.068087342865,0.025848295347,0.000000000000,0.000000000000,0.000000000000,0.000000000000,0.000000000000,0.000000000000,0.000000000000,0.000000000000,0.000000000000,0.000000000000,
71.mid,0.040959911411,0.000000000000,0.000000000000,0.000000000000,0.191932266006,0.473179141993,0.052508043701,0.000000000000,0.000000000000,0.000000000000,0.000000000000,0.000000000000,0.000000000000,0.000000000000,0.000000000000,0.000000000000,0.000000000000,0.000000000000,0.000000000000,0.000000000000,0.000000000000,0.000000000000,0.000000000000,0.000000000000,0.000000000000,0.000000000000,0.000000000000,0.000000000000,0.000000000000,0.000000000000,0.000000000000,0.000000000000,0.000000000000,0.000000000000,0.000000000000,0.000000000000,0.040346685355,0.040295883973,0.000000000000,0.000000000000,0.000000000000,0.000000000000,0.000000000000,0.000000000000,0.000000000000,0.000000000000,
72.mid,0.000000000000,0.000000000000,0.000000000000,0.000000000000,0.000000000000,0.000000000000,0.000000000000,0.000000000000,0.160625098999,0.054300506282,0.018999335544,0.000000000000,0.600721805590,0.013114709503,0.000000000000,0.000000000000,0.000000000000,0.000000000000,0.000000000000,0.000000000000,0.000000000000,0.000000000000,0.000000000000,0.000000000000,0.038566064344,0.038653857246,0.000000000000,0.000000000000,0.000000000000,0.000000000000,0.000000000000,0.000000000000,0.000000000000,0.000000000000,
73.mid,0.000000000000,0.000000000000,0.000000000000,0.000000000000,0.329447489048,0.015038135248,0.065710068901,0.000000000000,0.000000000000,0.000000000000,0.000000000000,0.000000000000,0.000000000000,0.000000000000,0.000000000000,0.000000000000,0.197380349970,0.050339999562,0.400900063197,0.000000000000,0.000000000000,0.000000000000,0.000000000000,0.365116516989,0.025261030671,0.000000000000,0.000000000000,0.000000000000,0.000000000000,0.000000000000,0.000000000000,0.000000000000,0.000000000000,0.000000000000,0.000000000000,0.051375211747,0.013939784347,0.000000000000,0.304186512500,0.003256745891,0.000000000000,0.000000000000,0.177994932577,0.054801876685,0.082228762057,0.000000000000,0.000000000000,0.000000000000,0.000000000000,0.000000000000,0.000000000000,0.000000000000,
74.mid,0.000000000000,0.000000000000,0.000000000000,0.000000000000,0.252656837365,0.042879351060,0.069124219850,0.049293424239,0.000000000000,0.000000000000,0.000000000000,0.000000000000,0.000000000000,0.259852839699,0.412359224169,0.062304105627,0.012738314549,0.000000000000,0.000000000000,0.000000000000,0.000000000000,0.000000000000,0.000000000000,0.000000000000,0.000000000000,0.000000000000,0.000000000000,0.484921593391,0.024447887265,0.000000000000,0.000000000000,0.000000000000,0.000000000000,0.000000000000,0.000000000000,0.000000000000,0.000000000000,0.000000000000,0.000000000000,0.022358713453,
75.mid,0.000000000000,0.000000000000,0.000000000000,0.000000000000,0.000000000000,0.031773518519,0.373629401874,0.000000000000,0.000000000000,0.000000000000,0.000000000000,0.035519947099,0.049742205599,0.014748533642,0.000000000000,0.000000000000,0.000000000000,0.000000000000,0.000000000000,0.000000000000,0.000000000000,0.000000000000,0.000000000000,0.000000000000,0.059072339916,0.019476678858,0.000000000000,0.000000000000,
76.mid,0.000000000000,0.000000000000,0.000000000000,0.000000000000,0.000000000000,0.000000000000,0.000000000000,0.000000000000,0.032478419961,0.564747279566,0.062673706847,0.002328843364,0.000000000000,0.000000000000,0.000000000000,0.000000000000,0.000000000000,0.000000000000,0.000000000000,0.370059541175,0.043930697840,0.173461273407,0.000000000000,0.524022296202,0.045338832311,0.064577327557,0.000000000000,0.000000000000,0.000000000000,0.000000000000,0.045774835611,0.180837401203,0.000000000000,0.000000000000,0.000000000000,0.000000000000,0.000000000000,0.000000000000,0.000000000000,0.000000000000,0.000000000000,0.000000000000,0.000000000000,0.000000000000,0.000000000000,0.000000000000,0.000000000000,0.000000000000,0.022740925112,0.024960803164,0.000000000000,0.000000000000,0.000000000000,0.000000000000,0.000000000000,0.000000000000,0.009702965483,0.013937830079,
77.mid,0.000000000000,0.000000000000,0.000000000000,0.000000000000,0.000000000000,0.273480251786,0.463063473046,0.031684945124,0.000000000000,0.000000000000,0.000000000000,0.000000000000,0.372117856833,
78.mid,0.000000000000,0.000000000000,0.000000000000,0.000000000000,0.000000000000,0.000000000000,0.000000000000,0.000000000000,0.016951484587,0.018366690489,0.000000000000,
79.mid,0.000000000000,0.000000000000,0.006982032750,0.007071262372,0.000000000000,0.000000000000,0.000000000000,0.000000000000,0.000000000000,0.000000000000,0.000000000000,0.000000000000,0.000000000000,0.000000000000,0.000000000000,0.008330904493,0.022790327088,0.015434594879,0.000000000000,0.000000000000,0.000000000000,0.000000000000,0.000000000000,0.000000000000,0.000000000000,0.000000000000,0.000000000000,0.000000000000,0.000000000000,0.000000000000,0.000000000000,0.020833522302,0.020770300968,0.000000000000,0.000000000000,0.030851185772,0.060582458427,0.000000000000,0.098995226363,0.068570547550,0.000000000000,0.000000000000,0.000000000000,0.000000000000,0.251503876730,0.027661398604,0.028819156543,0.207573347105,0.029771300868,0.278143891952,0.000000000000,0.000000000000,0.000000000000,0.000000000000,0.016635451555,
7.mid,0.024332419970,0.000000000000,0.000000000000,0.037310705233,0.037226233861,0.000000000000,0.000000000000,0.026337083772,0.053296223605,0.373484605617,0.000000000000,0.000000000000,0.000000000000,0.000000000000,0.000000000000,0.000000000000,0.000000000000,0.000000000000,0.000000000000,0.000000000000,0.020234828337,0.022243173848,0.000000000000,0.000000000000,0.000000000000,0.000000000000,0.000000000000,0.000000000000,0.000000000000,0.000000000000,0.000000000000,0.000000000000,
80.mid,0.000000000000,0.000000000000,0.562898057619,
81.mid,0.535177646006,0.039529990844,0.000000000000,0.000000000000,0.000000000000,0.000000000000,0.000000000000,0.000000000000,0.000000000000,0.000000000000,0.000000000000,0.000000000000,0.090789588407,0.045630174564,0.000000000000,0.000000000000,0.000000000000,0.000000000000,0.000000000000,0.000000000000,0.000000000000,0.000000000000,0.000000000000,0.000000000000,0.000000000000,0.000000000000,0.135781313875,0.063729719457,0.059376652940,0.000000000000,0.000000000000,0.000000000000,0.000000000000,0.099029375935,0.022640938189,0.148994343573,0.000000000000,
82.mid,0.000000000000,0.000000000000,0.045590348594,0.309347639766,0.000000000000,0.000000000000,0.000000000000,0.000000000000,0.248628639855,0.064807390572,0.015820613426,0.000000000000,0.000000000000,0.000000000000,0.000000000000,0.000000000000,0.000000000000,0.000000000000,
83.mid,0.000000000000,0.000000000000,0.012917822981,0.073261468165,0.202189569637,0.000000000000,0.391416977658,0.024144314798,0.000000000000,0.000000000000,0.000000000000,0.000000000000,0.000000000000,0.000000000000,0.000000000000,0.000000000000,0.004783938288,0.005157877480,0.000000000000,0.375673666659,0.025625054162,0.098694317291,0.389540201032,0.000000000000,0.041525617081,0.043614368293,0.000000000000,0.000000000000,0.000000000000,0.000000000000,0.000000000000,0.000000000000,0.000000000000,0.000000000000,0.000000000000,0.000000000000,0.000000000000,0.000000000000,0.000000000000,0.000000000000,0.000000000000,0.000000000000,0.051291884534,0.056392294802,0.000000000000,0.000000000000,0.000000000000,0.000000000000,0.000000000000,0.000000000000,0.000000000000,0.164013016730,0.025696228574,0.000000000000,0.000000000000,0.000000000000,0.000000000000,0.360445044388,0.046770135903,
84.mid,0.000000000000,0.000000000000,0.000000000000,0.000000000000,0.170550350694,0.056447915468,0.011989820260,0.000000000000,0.000000000000,0.006599434118,0.006596059351,0.000000000000,0.000000000000,0.000000000000,0.000000000000,0.000000000000,0.000000000000,0.000000000000,0.000000000000,0.000000000000,0.000000000000,0.008930789978,0.022669048661,0.147864442687,0.000000000000,0.000000000000,0.000000000000,0.000000000000,0.000000000000,0.000000000000,0.000000000000,0.000000000000,0.000000000000,0.000000000000,0.000000000000,0.000000000000,0.064453490872,0.512369326679,0.003347928028,0.000000000000,0.000000000000,
85.mid,0.000000000000,0.000000000000,0.331456648926,0.448051643162,0.026872280383,0.000000000000,0.000000000000,0.354203263643,0.034985529104,0.068579556900,0.000000000000,0.000000000000,0.000000000000,0.000000000000,0.000000000000,0.000000000000,0.000000000000,0.022292654763,0.022349301814,0.000000000000,0.000000000000,0.000000000000,0.000000000000,0.000000000000,0.000000000000,0.000000000000,0.069977563025,0.035319806284,0.000000000000,0.000000000000,0.013913141131,0.015126394523,0.000000000000,0.000000000000,0.000000000000,0.000000000000,0.023275921336,0.181536872800,0.293319696746,0.083719248020,0.170446437498,0.000000000000,0.000000000000,0.000000000000,0.000000000000,0.000000000000,0.000000000000,0.000000000000,0.000000000000,0.000000000000,0.000000000000,0.000000000000,0.000000000000,
86.mid,0.058214106143,0.001109347455,0.000000000000,0.000000000000,0.000000000000,0.000000000000,0.000000000000,0.000000000000,0.000000000000,0.000000000000,0.000000000000,0.000000000000,0.000000000000,0.000000000000,0.000000000000,0.000000000000,0.000000000000,0.000000000000,0.000000000000,0.000000000000,0.000000000000,0.000000000000,0.000000000000,0.000000000000,0.000000000000,0.000000000000,0.043438404912,0.068238050829,0.023851427420,0.000000000000,0.291011074289,0.017950455921,0.154701400704,0.000000000000,0.000000000000,0.000000000000,0.000000000000,0.000000000000,0.000000000000,0.000000000000,0.000000000000,0.000000000000,0.000000000000,0.000000000000,0.000000000000,0.000000000000,0.000000000000,0.000000000000,0.000000000000,0.000000000000,0.000000000000,0.000000000000,0.000000000000,0.000000000000,0.000000000000,0.000000000000,0.000000000000,0.000000000000,0.000000000000,0.000000000000,0.000000000000,0.000000000000,0.000000000000,0.000000000000,0.000000000000,0.000000000000,0.000000000000,0.000000000000,0.000000000000,0.000000000000,
87.mid,0.080725764234,0.031989452847,0.000000000000,0.000000000000,0.000000000000,0.000000000000,0.040949070096,0.077995494453,0.378511623254,0.000000000000,0.000000000000,0.000000000000,0.000000000000,0.000000000000,0.000000000000,0.147646497744,0.032316358463,0.000000000000,0.000000000000,0.000000000000,
88.mid,0.000000000000,0.000000000000,0.000000000000,0.000000000000,0.000000000000,0.000000000000,0.000000000000,0.000000000000,0.000000000000,0.000000000000,0.000000000000,0.000000000000,0.000000000000,0.023522971434,0.027204852253,0.000000000000,0.000000000000,0.000000000000,0.000000000000,0.000000000000,0.000000000000,0.000000000000,0.000000000000,0.000000000000,0.000000000000,0.073878445748,0.473310537882,0.000000000000,0.000000000000,0.000000000000,0.000000000000,0.000000000000,
89.mid,0.000000000000,0.000000000000,0.035135838966,0.547839996688,0.007098477705,0.000000000000,0.000000000000,0.000000000000,0.000000000000,0.440128480242,0.024484430268,0.000000000000,0.000000000000,
8.mid,0.000000000000,0.000000000000,0.000000000000,0.000000000000,0.000000000000,0.000000000000,0.000000000000,0.000000000000,0.000000000000,0.000000000000,0.000000000000,0.000000000000,0.000000000000,0.000000000000,0.000000000000,0.000000000000,0.000000000000,0.000000000000,0.000000000000,0.000000000000,0.145424820248,0.047861564023,0.167755873762,
90.mid,0.000000000000,0.000000000000,0.017931562675,0.018142691586,0.000000000000,0.000000000000,0.000000000000,0.000000000000,0.000000000000,0.000000000000,0.000000000000,0.000000000000,0.000000000000,0.000000000000,0.000000000000,0.000000000000,0.000000000000,0.000000000000,0.000000000000,0.000000000000,0.000000000000,0.000000000000,0.000000000000,0.000000000000,0.000000000000,0.000000000000,0.000000000000,0.000000000000,0.000000000000,0.000000000000,0.000000000000,0.000000000000,0.000000000000,0.022389341307,
91.mid,0.000000000000,0.210374394161,0.075087808338,0.302174728484,0.000000000000,0.000000000000,0.000000000000,0.000000000000,0.000000000000,0.000000000000,0.000000000000,0.000000000000,0.000000000000,0.000000000000,0.000000000000,0.000000000000,0.000000000000,0.000000000000,0.000000000000,0.000000000000,0.000000000000,0.000000000000,0.000000000000,0.000000000000,0.000000000000,0.000000000000,0.000000000000,0.000000000000,0.000000000000,0.000000000000,0.011457613041,0.011565175431,0.011123720175,0.049103131192,0.000000000000,0.000000000000,0.000000000000,0.000000000000,0.000000000000,0.000000000000,0.000000000000,0.052503416442,0.090221478789,0.000000000000,0.000000000000,0.000000000000,0.000000000000,0.000000000000,0.000000000000,0.000000000000,0.000000000000,0.000000000000,0.000000000000,0.000000000000,0.000000000000,0.324763395586,0.024340722735,0.104838355636,
92.mid,0.000000000000,0.000000000000,0.000000000000,0.000000000000,0.000000000000,0.000000000000,0.000000000000,0.010492170133,0.041513311139,0.066706827498,0.000000000000,0.000000000000,0.000000000000,0.000000000000,0.000000000000,0.000000000000,0.365923458113,0.006651781952,0.000000000000,0.000000000000,0.000000000000,0.000000000000,0.000000000000,0.000000000000,0.000000000000,0.000000000000,0.000000000000,0.000000000000,0.000000000000,0.000000000000,0.000000000000,0.192805601372,0.035557213579,0.050729067540,0.000000000000,0.180875628100,0.040333956774,0.000000000000,0.346445947204,1.086792024294,
93.mid,0.000000000000,0.000000000000,0.032595411903,0.029226109592,0.016117644281,0.018576072042,0.000000000000,0.000000000000,0.000000000000,0.000000000000,0.000000000000,0.000000000000,0.000000000000,0.009424001018,0.090911235758,0.036386873652,0.000000000000,0.000000000000,0.000000000000,0.000000000000,0.090425845365,0.041098508146,0.265929372543,0.000000000000,0.505970146457,0.047043510872,0.057715497856,0.000000000000,0.000000000000,0.000000000000,0.000000000000,0.000000000000,0.000000000000,0.000000000000,0.000000000000,0.000000000000,0.322090459981,0.023538743986,0.000000000000,0.000000000000,0.000000000000,0.000000000000,0.000000000000,0.053162842358,0.053030246830,0.000000000000,0.000000000000,0.077142564571,
94.mid,0.000000000000,0.000000000000,0.039570367618,0.316540271878,0.000000000000,0.000000000000,0.000000000000,0.000000000000,0.000000000000,0.207828426265,0.087453727335,0.163603090129,0.000000000000,
95.mid,0.000000000000,0.000000000000,0.000000000000,0.000000000000,0.103106608672,0.048424211625,0.261533162159,0.000000000000,0.419058724264,0.176211352348,0.161671433101,
96.mid,0.000000000000,0.000000000000,0.000000000000,0.000000000000,0.275900581592,0.018809545935,0.275266311489,0.000000000000,0.000000000000,0.000000000000,0.000000000000,0.000000000000,0.000000000000,0.000000000000,0.007041898691,0.528035432636,0.000000000000,0.000000000000,0.000000000000,0.000000000000,0.000000000000,0.000000000000,0.000000000000,0.000000000000,0.000000000000,0.000000000000,0.000000000000,0.000000000000,0.000000000000,0.000000000000,0.000000000000,0.000000000000,0.000000000000,0.000000000000,0.000000000000,0.000000000000,0.000000000000,0.000000000000,0.000000000000,0.198934385732,0.923702319596,
97.mid,!! Not enough voices,
98.mid,0.009854062106,0.000000000000,0.000000000000,0.040161081216,0.658972784599,0.004090496304,0.000000000000,0.000000000000,0.000000000000,0.000000000000,0.000000000000,0.000000000000,0.000000000000,0.000000000000,0.000000000000,0.000000000000,0.000000000000,0.000000000000,0.000000000000,0.000000000000,0.000000000000,0.004506639871,0.094088872973,
99.mid,0.018659877340,0.000000000000,0.000000000000,0.000000000000,0.000000000000,0.000000000000,0.000000000000,0.000000000000,0.000000000000,0.000000000000,0.004862359657,0.055664175115,0.000000000000,0.071319910405,0.034774832514,0.000000000000,0.000000000000,0.033272743933,0.036034948473,0.000000000000,0.000000000000,0.032215972374,0.040205920258,0.000000000000,0.000000000000,0.010603347708,0.030529710568,0.019942448344,0.000000000000,0.365173376928,0.026383878121,0.000000000000,0.330367962682,0.040388284358,0.325670496573,0.000000000000,0.011708377874,0.027531924631,0.016297720638,0.000000000000,0.097526348657,0.057683988356,0.085738674752,0.000000000000,
9.mid,0.027011430394,0.000000000000,0.000000000000,0.000000000000,0.000000000000,0.000000000000,0.000000000000,0.000000000000,0.000000000000,0.005036815241,0.005478765388,0.000000000000,0.000000000000,0.000000000000,0.359435828661,0.031732530902,0.442709917763,0.000000000000,0.000000000000,0.000000000000,0.000000000000,0.000000000000,
