0.009075592009,0.000000000000,0.000000000000,0.000000000000,0.000000000000,0.330603376836,0.010961907650,0.189070355408,0.457317894129,0.085043498573,0.063762180876,0.000000000000,0.000000000000,0.000000000000,0.000000000000,0.000000000000,0.000000000000,0.000000000000,0.000000000000,0.000000000000,0.000000000000,0.000000000000,0.000000000000,0.000000000000,0.000000000000,0.000000000000,0.000000000000,0.000000000000,0.000000000000,0.000000000000,0.000000000000,0.000000000000,0.000000000000,0.000000000000,0.000000000000,0.000000000000,0.000000000000,0.000000000000,0.000000000000,0.000000000000,0.000000000000,0.000000000000,
0.421379705252,0.272139412494,0.026540125592,0.000000000000,0.000000000000,0.000000000000,0.000000000000,0.648705036939,
0.175025385747,0.177029735787,0.026851161435,0.000000000000,0.000000000000,0.000000000000,0.000000000000,0.000000000000,0.000000000000,0.000000000000,0.000000000000,0.000000000000,0.000000000000,0.000000000000,0.000000000000,0.000000000000,0.000000000000,0.000000000000,0.000000000000,0.000000000000,0.000000000000,0.000000000000,0.000000000000,
0.049804200923,0.000000000000,0.000000000000,0.000000000000,0.000000000000,0.000000000000,0.000000000000,0.000000000000,0.000000000000,0.000000000000,0.000000000000,0.000000000000,0.006656544459,0.006654838086,0.000000000000,0.000000000000,0.000000000000,0.000000000000,0.000000000000,0.000000000000,0.000000000000,0.000000000000,0.000000000000,0.145155163320,0.367443406421,0.013816296523,0.000000000000,0.000000000000,0.000000000000,0.000000000000,0.000000000000,0.000000000000,0.000000000000,0.000000000000,0.000000000000,0.373543043343,0.005587204401,0.273070152988,0.000000000000,0.000000000000,0.000000000000,0.000000000000,0.000000000000,0.000000000000,0.000000000000,0.000000000000,0.000000000000,0.000000000000,0.000000000000,0.000000000000,0.000000000000,0.000000000000,0.000000000000,0.000000000000,0.000000000000,0.000000000000,0.000000000000,0.138295674024,0.078556024534,
0.000000000000,0.000000000000,0.000000000000,0.000000000000,0.219666842180,0.074797930758,0.059937564024,0.000000000000,0.000000000000,0.000000000000,0.000000000000,0.000000000000,0.000000000000,0.000000000000,0.000000000000,0.098034866627,0.041560546950,0.577919778767,0.071161560167,0.104055894271,0.389972415532,0.000000000000,0.000000000000,0.000000000000,0.000000000000,0.370919334306,0.058467583561,0.797870983941,0.057989797004,0.000000000000,0.000000000000,0.000000000000,0.000000000000,0.000000000000,0.000000000000,0.000000000000,0.000000000000,0.000000000000,0.000000000000,0.000000000000,0.000000000000,0.000000000000,0.000000000000,0.000000000000,0.000000000000,0.024725455931,0.023433569462,0.000000000000,0.000000000000,0.000000000000,0.000000000000,0.078662222444,
0.011151852690,0.000000000000,0.000000000000,0.000000000000,0.000000000000,0.000000000000,0.000000000000,0.000000000000,0.000000000000,0.000000000000,0.000000000000,0.000000000000,0.381627861655,0.301131512169,0.128557248784,0.022404371291,0.000000000000,0.000000000000,0.000000000000,0.000000000000,0.000000000000,0.000000000000,0.000000000000,0.000000000000,0.000000000000,0.000000000000,0.000000000000,0.000000000000,0.000000000000,0.000000000000,0.000000000000,0.000000000000,0.000000000000,0.000000000000,0.000000000000,0.000000000000,0.000000000000,0.000000000000,0.000000000000,0.000000000000,0.000000000000,0.000000000000,0.000000000000,0.000000000000,0.000000000000,0.000000000000,0.046464631755,0.005520860335,0.000000000000,0.000000000000,0.000000000000,0.000000000000,0.114036740594,0.611042553656,0.235008346766,0.000000000000,0.000000000000,0.000000000000,0.000000000000,0.000000000000,0.000000000000,0.000000000000,0.000000000000,0.000000000000,0.000000000000,0.278210778028,0.105385262232,0.029358391492,0.041691672671,0.418175424063,0.012501768360,0.000000000000,0.000000000000,0.000000000000,0.000000000000,0.011630493843,0.011681331489,0.000000000000,0.000000000000,0.000000000000,0.000000000000,0.000000000000,0.000000000000,0.000000000000,0.000000000000,0.000000000000,0.148840999981,0.124146521363,0.784271308945,
0.000000000000,0.000000000000,0.000000000000,0.000000000000,0.000000000000,0.000000000000,0.000000000000,0.000000000000,0.000000000000,0.267974567707,0.021653938610,0.086998660954,0.050251334676,0.147839958905,0.000000000000,0.000000000000,0.000000000000,0.000000000000,0.036496762359,0.528465455819,0.000000000000,0.000000000000,0.000000000000,0.000000000000,0.071565524095,0.039339692044,0.000000000000,0.000000000000,0.000000000000,0.000000000000,0.000000000000,0.017983072254,0.147169087375,0.000000000000,0.000000000000,0.000000000000,0.000000000000,0.000000000000,0.000000000000,0.000000000000,0.000000000000,0.000000000000,0.046350943264,0.199480977804,0.000000000000,0.000000000000,0.000000000000,0.000000000000,0.151599372989,0.019836128301,0.000000000000,0.000000000000,0.000000000000,0.000000000000,0.040586825429,0.057340104451,0.150986753114,0.000000000000,0.000000000000,0.000000000000,0.000000000000,
0.000000000000,0.000000000000,0.000000000000,0.000000000000,0.544052481845,0.037811489659,0.000000000000,0.000000000000,0.000000000000,0.000000000000,0.026767966352,0.029581580576,0.000000000000,0.000000000000,0.000000000000,0.000000000000,0.000000000000,0.000000000000,0.000000000000,0.000000000000,0.000000000000,0.000000000000,0.000000000000,0.000000000000,0.000000000000,0.000000000000,0.000000000000,0.026348805730,0.029424657863,0.000000000000,0.000000000000,0.000000000000,0.000000000000,0.000000000000,0.000000000000,0.000000000000,0.000000000000,0.000000000000,0.000000000000,0.000000000000,0.000000000000,0.000000000000,0.000000000000,0.000000000000,0.493553883072,0.034405443134,0.000000000000,0.000000000000,0.000000000000,0.000000000000,0.000000000000,0.000000000000,0.000000000000,0.000000000000,0.000000000000,0.000000000000,0.000000000000,0.000000000000,0.000000000000,0.000000000000,0.000000000000,0.000000000000,0.000000000000,0.000000000000,0.000000000000,0.000000000000,0.503717393951,0.032643808748,0.000000000000,0.000000000000,0.000000000000,0.000000000000,0.000000000000,0.000000000000,0.000000000000,0.000000000000,0.000000000000,0.000000000000,0.012758029892,0.285005224960,0.000000000000,0.000000000000,0.000000000000,0.191067221543,0.145818526088,0.507630008388,0.026015265675,0.019975010305,0.000000000000,0.000000000000,0.000000000000,0.000000000000,0.000000000000,0.000000000000,0.000000000000,0.000000000000,0.000000000000,0.000000000000,0.000000000000,
0.011107389072,0.000000000000,0.000000000000,0.000000000000,0.000000000000,0.193107142869,0.061192141576,
0.000000000000,0.000000000000,0.000000000000,0.000000000000,0.009684665189,0.037509732451,0.162535472826,0.000000000000,0.000000000000,0.000000000000,0.000000000000,0.000000000000,
0.000000000000,0.000000000000,0.000000000000,0.000000000000,0.644060667848,0.330466794531,0.011092548186,0.024183722338,0.067797361968,0.000000000000,0.000000000000,0.000000000000,0.000000000000,0.000000000000,0.000000000000,0.000000000000,0.000000000000,0.371881917756,0.024799162907,0.000000000000,0.000000000000,0.000000000000,0.000000000000,0.000000000000,0.000000000000,0.000000000000,0.000000000000,0.000000000000,0.000000000000,0.000000000000,0.000000000000,0.000000000000,0.000000000000,0.000000000000,0.000000000000,0.000000000000,0.000000000000,0.000000000000,0.000000000000,0.000000000000,0.020160989301,0.032366737069,0.009558619072,0.000000000000,0.000000000000,0.000000000000,0.000000000000,0.000000000000,0.000000000000,0.000000000000,0.000000000000,0.000000000000,0.000000000000,0.000000000000,0.000000000000,0.000000000000,0.000000000000,0.000000000000,
0.018274448494,0.000000000000,0.000000000000,0.000000000000,0.000000000000,0.401116393098,0.029847195252,0.064716119476,0.000000000000,0.000000000000,0.000000000000,0.000000000000,0.000000000000,0.000000000000,0.000000000000,0.000000000000,0.000000000000,0.000000000000,0.019912636760,
0.000000000000,0.000000000000,0.000000000000,0.000000000000,0.359331488316,0.045592481489,0.000000000000,0.000000000000,0.000000000000,0.000000000000,0.000000000000,

0.000000000000,0.000000000000,0.000000000000,0.000000000000,0.658826213817,0.030302957407,0.005459648781,0.000000000000,0.000000000000,0.000000000000,0.000000000000,0.000000000000,0.292249111649,0.111392296385,0.013450217712,0.000000000000,0.000000000000,0.000000000000,0.000000000000,0.000000000000,0.000000000000,0.000000000000,0.000000000000,0.000000000000,0.000000000000,0.000000000000,0.000000000000,0.000000000000,0.000000000000,0.402837796911,0.205360708681,0.168949857802,0.052115828279,0.000000000000,0.000000000000,0.000000000000,0.074251967524,0.435061875671,0.037993562628,0.274309404352,0.000000000000,0.000000000000,0.000000000000,0.000000000000,0.000000000000,0.000000000000,0.000000000000,0.000000000000,0.000000000000,0.010236255233,0.058524117958,0.008576137876,0.000000000000,0.000000000000,0.000000000000,0.000000000000,0.000000000000,0.000000000000,0.000000000000,0.000000000000,0.000000000000,0.000000000000,0.051304064996,0.100121547137,0.000000000000,0.000000000000,0.000000000000,0.000000000000,
0.076324411711,0.000000000000,0.000000000000,0.000000000000,0.000000000000,0.015548668300,0.017479293828,0.000000000000,0.000000000000,0.000000000000,0.000000000000,0.000000000000,0.000000000000,0.000000000000,0.000000000000,0.000000000000,0.000000000000,0.130205414074,0.091380667840,0.650673873960,0.000000000000,0.000000000000,0.000000000000,0.000000000000,0.048063233851,0.010828273224,0.000000000000,0.000000000000,0.000000000000,0.000000000000,0.000000000000,
0.008005155565,0.000000000000,0.000000000000,0.000000000000,0.000000000000,0.000000000000,0.000000000000,0.000000000000,0.000000000000,0.000000000000,0.000000000000,0.000000000000,0.000000000000,0.000000000000,0.000000000000,0.000000000000,0.000000000000,0.000000000000,0.000000000000,0.000000000000,0.000000000000,0.000000000000,0.000000000000,0.000000000000,0.000000000000,0.000000000000,0.000000000000,0.000000000000,0.000000000000,0.000000000000,0.000000000000,0.000000000000,0.000000000000,0.000000000000,0.000000000000,0.000000000000,0.000000000000,0.000000000000,0.000000000000,0.000000000000,0.000000000000,0.000000000000,0.000000000000,0.000000000000,0.000000000000,0.000000000000,0.000000000000,0.000000000000,0.000000000000,0.000000000000,0.000000000000,0.000000000000,0.000000000000,0.000000000000,0.000000000000,0.000000000000,0.000000000000,0.000000000000,0.000000000000,0.000000000000,0.000000000000,0.000000000000,0.000000000000,0.000000000000,0.000000000000,0.000000000000,0.000000000000,0.000000000000,0.000000000000,0.000000000000,0.000000000000,0.000000000000,0.000000000000,0.000000000000,0.000000000000,0.000000000000,0.000000000000,0.000000000000,0.000000000000,0.044865935958,0.495949685685,0.351499944859,0.578335548786,0.365188115492,0.059515613298,0.258401494190,0.000000000000,0.000000000000,0.000000000000,0.000000000000,0.000000000000,0.000000000000,0.000000000000,0.000000000000,0.000000000000,0.000000000000,0.000000000000,0.000000000000,0.000000000000,0.000000000000,0.000000000000,0.076197981467,
0.000000000000,0.000000000000,0.000000000000,0.000000000000,0.022060116659,0.032001327717,0.051138211579,0.064976741105,0.000000000000,0.000000000000,0.000000000000,0.000000000000,0.000000000000,0.000000000000,0.000000000000,0.000000000000,0.000000000000,0.006719093869,0.006795194912,0.000000000000,0.000000000000,0.000000000000,0.000000000000,0.056656155165,0.015509028729,0.000000000000,0.000000000000,0.000000000000,0.000000000000,0.212558394774,0.039925052392,0.046492585242,0.000000000000,0.000000000000,0.000000000000,0.000000000000,0.035262367117,0.382845829383,0.000000000000,0.000000000000,0.000000000000,0.000000000000,0.000000000000,0.000000000000,0.000000000000,0.000000000000,0.000000000000,0.000000000000,0.000000000000,0.000000000000,0.000000000000,0.000000000000,0.000000000000,0.000000000000,0.000000000000,0.000000000000,0.000000000000,0.000000000000,0.393747958385,0.166262961548,0.318491009123,0.041122814861,0.000000000000,0.000000000000,0.000000000000,0.000000000000,
0.036586031073,0.400596338172,0.051964946734,
0.056286919963,0.012631492786,0.000000000000,0.000000000000,0.000000000000,0.000000000000,0.000000000000,0.047342139227,0.262302280710,0.342678457294,0.086569203202,0.163135835780,0.000000000000,0.000000000000,0.000000000000,0.000000000000,0.000000000000,0.000000000000,0.000000000000,0.000000000000,0.000000000000,0.000000000000,0.000000000000,0.000000000000,0.000000000000,0.000000000000,0.382456609113,
0.000000000000,0.000000000000,0.000000000000,0.000000000000,0.035666661228,0.314562563798,0.289277058355,0.022093847673,0.051223685069,0.219690332263,0.108320176986,0.041106561499,0.197075539002,0.049069340801,0.000000000000,0.000000000000,0.000000000000,0.000000000000,0.000000000000,0.014599016966,0.014711086994,0.000000000000,0.000000000000,0.000000000000,0.000000000000,0.000000000000,0.000000000000,0.000000000000,0.000000000000,0.000000000000,0.251468325482,0.016296844435,0.000000000000,0.000000000000,0.000000000000,0.000000000000,0.000000000000,0.000000000000,0.000000000000,0.000000000000,0.000000000000,0.230872395667,0.060159022795,
0.223680168395,0.096368238765,0.032519662015,0.000000000000,0.000000000000,0.000000000000,0.000000000000,0.000000000000,0.000000000000,0.000000000000,0.000000000000,0.000000000000,0.245417862435,0.054054751603,0.077494987983,0.300913832279,0.000000000000,0.000000000000,0.000000000000,0.381413537452,0.055439141885,0.018824505284,0.000000000000,0.000000000000,0.000000000000,0.000000000000,0.084748015459,0.049752436832,0.000000000000,0.000000000000,0.000000000000,0.000000000000,0.233223472576,0.201169399234,0.179528215314,0.882935807710,0.050416333451,0.054590434444,0.000000000000,0.000000000000,0.000000000000,0.000000000000,0.000000000000,0.000000000000,0.000000000000,0.000000000000,0.000000000000,0.000000000000,0.000000000000,0.000000000000,0.000000000000,0.000000000000,0.000000000000,0.000000000000,0.000000000000,0.000000000000,0.000000000000,0.499169668609,0.054383284671,0.020838968738,0.000000000000,0.000000000000,0.000000000000,0.000000000000,
0.031565178993,0.000000000000,0.000000000000,0.000000000000,0.000000000000,0.000000000000,0.000000000000,0.000000000000,0.000000000000,0.000000000000,0.000000000000,0.007442974794,0.440091177623,0.409344434339,0.000000000000,0.000000000000,0.000000000000,0.000000000000,0.000000000000,0.000000000000,0.000000000000,0.000000000000,0.000000000000,0.000000000000,0.000000000000,0.000000000000,0.000000000000,0.000000000000,0.000000000000,0.000000000000,0.000000000000,0.000000000000,0.000000000000,0.000000000000,0.000000000000,0.017180453300,0.057240494866,0.072959894550,0.173877160872,0.000000000000,0.000000000000,0.000000000000,0.000000000000,0.000000000000,0.012468613382,0.376189024806,0.000000000000,0.000000000000,0.000000000000,0.000000000000,0.000000000000,0.000000000000,0.000000000000,0.000000000000,0.000000000000,0.000000000000,0.000000000000,0.000000000000,0.000000000000,0.000000000000,0.000000000000,0.000000000000,0.000000000000,0.000000000000,0.000000000000,0.000000000000,0.024970944043,0.068047106522,0.043477480227,0.050608424155,0.668107334402,
!! Not enough voices,
0.000000000000,0.000000000000,0.000000000000,0.000000000000,0.000000000000,0.000000000000,0.000000000000,0.000000000000,0.000000000000,0.000000000000,0.000000000000,0.034421408483,0.561739564248,1.003708491207,0.358113061685,0.019824924222,0.380213721154,0.014865270669,0.000000000000,0.000000000000,0.000000000000,0.000000000000,0.000000000000,0.000000000000,0.000000000000,0.000000000000,0.000000000000,0.000000000000,0.000000000000,0.000000000000,0.000000000000,0.000000000000,0.008405829823,0.581148196277,0.066816547568,0.000000000000,0.000000000000,0.000000000000,0.000000000000,0.056362442619,0.440391421474,0.074472182373,0.086849361366,0.026266982022,0.000000000000,0.000000000000,0.000000000000,0.000000000000,0.041221860024,0.164892819352,0.065520297595,0.264453420557,
0.010379286660,0.000000000000,0.000000000000,0.000000000000,0.000000000000,0.000000000000,0.010278483377,0.055002456449,0.000000000000,0.000000000000,0.000000000000,0.000000000000,0.102991361197,0.141219979192,0.018612451783,0.000000000000,0.000000000000,0.000000000000,0.000000000000,0.000000000000,0.000000000000,0.000000000000,0.000000000000,0.000000000000,0.217441893625,0.448527262573,0.011584749225,0.000000000000,0.000000000000,0.000000000000,0.000000000000,0.071668762617,0.165827150004,
0.064540926060,0.026324876307,0.000000000000,0.000000000000,0.000000000000,0.000000000000,0.000000000000,0.023812702431,0.160622337629,0.000000000000,0.000000000000,0.000000000000,0.000000000000,0.000000000000,0.000000000000,0.000000000000,0.000000000000,0.000000000000,0.000000000000,0.000000000000,0.000000000000,0.000000000000,0.000000000000,0.091153133575,0.053990144979,0.000000000000,0.000000000000,0.000000000000,0.000000000000,0.380793838004,0.866733469137,
0.000000000000,0.000000000000,0.000000000000,0.000000000000,0.000000000000,0.000000000000,0.000000000000,0.000000000000,0.000000000000,0.422383938694,0.065667236232,0.081115583790,0.028072068262,0.000000000000,0.000000000000,0.000000000000,0.000000000000,0.036943593180,0.042068123538,0.000000000000,0.000000000000,0.000000000000,0.000000000000,0.000000000000,0.000000000000,0.000000000000,0.000000000000,0.000000000000,0.000000000000,0.000000000000,0.000000000000,0.000000000000,0.000000000000,0.000000000000,0.000000000000,0.000000000000,0.000000000000,0.000000000000,0.000000000000,0.347155970290,0.021786025192,0.309928924840,0.000000000000,0.000000000000,0.000000000000,0.000000000000,0.000000000000,0.000000000000,0.000000000000,0.000000000000,0.000000000000,0.000000000000,0.000000000000,0.000000000000,0.000000000000,0.000000000000,0.000000000000,0.000000000000,0.000000000000,0.000000000000,0.000000000000,0.000000000000,0.000000000000,0.000000000000,0.000000000000,0.000000000000,0.000000000000,0.139350602467,0.006216304727,0.000000000000,0.000000000000,0.000000000000,0.000000000000,0.000000000000,0.000000000000,0.000000000000,0.000000000000,0.000000000000,0.394077880643,0.029503893769,0.273483355065,0.000000000000,0.000000000000,0.000000000000,0.000000000000,0.019072330455,0.078108874638,0.034137144940,0.178290691017,
0.000000000000,0.000000000000,0.000000000000,0.000000000000,0.018664078589,0.286870585324,0.062726966800,0.044377643657,0.019651974539,0.000000000000,0.000000000000,0.000000000000,0.007779917635,0.039835075171,0.068981611430,0.000000000000,0.000000000000,0.000000000000,0.000000000000,0.366345349198,0.034394810341,0.500822802745,0.669245093115,0.046729723042,0.030520563024,0.000000000000,0.000000000000,0.000000000000,0.000000000000,0.000000000000,0.000000000000,0.000000000000,0.000000000000,0.000000000000,0.000000000000,0.000000000000,0.000000000000,0.000000000000,0.000000000000,0.000000000000,
0.000000000000,0.000000000000,0.000000000000,0.000000000000,0.130145099457,0.021152156662,0.347025494946,0.042648986060,0.037467803049,0.000000000000,0.000000000000,0.000000000000,0.241634418748,0.030150493890,0.323294526202,0.362684748316,0.045921874073,0.000000000000,0.000000000000,0.000000000000,0.000000000000,0.034406964952,0.461156299107,0.000000000000,0.000000000000,0.000000000000,0.000000000000,0.789647405715,0.122883115744,0.389196583898,0.017152690082,0.000000000000,0.000000000000,0.000000000000,0.000000000000,0.000000000000,0.000000000000,0.000000000000,0.000000000000,0.000000000000,0.000000000000,
0.005098222349,0.000000000000,0.000000000000,0.000000000000,0.000000000000,0.000000000000,0.000000000000,0.000000000000,0.000000000000,0.000000000000,0.000000000000,0.000000000000,0.000000000000,0.000000000000,0.000000000000,0.380142708833,0.050207858675,0.030684427746,0.000000000000,0.000000000000,0.000000000000,0.000000000000,0.000000000000,0.000000000000,0.000000000000,0.000000000000,0.000000000000,0.000000000000,0.006640007593,0.007307342672,0.000000000000,0.000000000000,0.000000000000,0.000000000000,0.000000000000,0.000000000000,0.000000000000,0.000000000000,0.000000000000,0.000000000000,0.000000000000,0.000000000000,0.000000000000,0.000000000000,0.188536522532,0.054759648167,0.000000000000,0.000000000000,0.000000000000,0.000000000000,0.000000000000,0.000000000000,0.000000000000,0.000000000000,0.000000000000,0.000000000000,
0.120601365764,0.040937383442,0.000000000000,0.000000000000,0.000000000000,0.000000000000,0.000000000000,
0.000000000000,0.000000000000,0.000000000000,0.000000000000,0.000000000000,0.628978658706,0.090585432439,0.052941168714,0.000000000000,0.000000000000,0.000000000000,0.270451877396,0.047848169904,0.239328434088,0.256089109360,0.074171593394,0.014707503865,0.000000000000,0.000000000000,0.000000000000,0.000000000000,0.000000000000,0.000000000000,0.000000000000,0.000000000000,0.000000000000,0.013274731748,0.186477645902,0.034233457175,0.000000000000,0.000000000000,0.000000000000,0.000000000000,0.000000000000,0.032048224802,0.061988886765,0.000000000000,0.000000000000,0.000000000000,0.000000000000,0.312003683531,0.017948981181,0.000000000000,0.000000000000,0.000000000000,0.000000000000,0.325883604174,0.047546133616,0.358501920096,0.000000000000,0.000000000000,0.000000000000,0.000000000000,0.478732174596,0.021118077866,0.000000000000,0.000000000000,0.000000000000,0.000000000000,0.450141300235,0.364460473182,0.054316982736,0.029411216375,0.000000000000,0.000000000000,0.000000000000,0.000000000000,0.018750577285,0.176934769455,0.000000000000,0.000000000000,0.000000000000,0.037953472437,0.387715791452,0.140546070036,
0.000000000000,0.000000000000,0.000000000000,0.000000000000,0.000000000000,0.000000000000,0.000000000000,0.000000000000,0.000000000000,0.000000000000,0.000000000000,0.000000000000,0.000000000000,0.000000000000,0.000000000000,0.033775948095,0.036944921192,0.000000000000,0.000000000000,0.000000000000,0.000000000000,0.000000000000,0.000000000000,0.000000000000,0.000000000000,0.000000000000,0.000000000000,0.000000000000,0.000000000000,0.000000000000,0.000000000000,0.000000000000,0.000000000000,0.000000000000,0.000000000000,0.000000000000,0.000000000000,0.448334110144,
0.032122181501,0.000000000000,0.000000000000,0.000000000000,0.000000000000,0.225163857377,0.019161398653,0.000000000000,0.000000000000,0.000000000000,0.000000000000,0.000000000000,0.000000000000,0.000000000000,0.000000000000,0.000000000000,0.000000000000,0.000000000000,0.000000000000,0.000000000000,0.000000000000,0.000000000000,
0.000000000000,0.000000000000,0.000000000000,0.000000000000,0.276148062067,0.291578361442,0.067814965049,0.634080329957,0.093625444905,0.000000000000,0.000000000000,0.000000000000,0.000000000000,0.000000000000,0.000000000000,0.000000000000,0.000000000000,0.000000000000,0.000000000000,0.000000000000,0.000000000000,0.000000000000,0.000000000000,0.000000000000,0.010686087954,0.010707636607,0.000000000000,0.000000000000,0.000000000000,0.000000000000,0.000000000000,0.020881325378,0.044637649244,0.055638876526,0.000000000000,0.000000000000,0.000000000000,0.000000000000,0.000000000000,0.000000000000,0.000000000000,0.000000000000,0.000000000000,0.023129501225,0.189535245057,0.000000000000,0.000000000000,0.000000000000,0.000000000000,0.000000000000,0.000000000000,0.000000000000,0.000000000000,0.000000000000,0.000000000000,0.000000000000,0.000000000000,0.000000000000,0.000000000000,0.000000000000,0.000000000000,0.000000000000,0.000000000000,0.000000000000,0.000000000000,0.000000000000,0.000000000000,0.000000000000,0.000000000000,0.000000000000,0.078397061826,0.050132363020,0.000000000000,0.000000000000,0.000000000000,0.000000000000,0.250920778106,0.054422938722,0.044862540839,0.000000000000,0.000000000000,0.000000000000,0.000000000000,
0.059773914516,0.000000000000,0.000000000000,0.000000000000,0.000000000000,0.000000000000,
0.000000000000,0.000000000000,0.000000000000,0.000000000000,0.000000000000,0.000000000000,0.000000000000,0.000000000000,0.000000000000,0.000000000000,
0.000000000000,0.000000000000,0.000000000000,0.000000000000,0.000000000000,0.000000000000,0.000000000000,0.000000000000,0.000000000000,0.000000000000,0.000000000000,0.000000000000,0.000000000000,0.000000000000,0.000000000000,0.000000000000,0.000000000000,0.000000000000,0.000000000000,0.000000000000,0.000000000000,0.000000000000,0.000000000000,0.000000000000,0.000000000000,0.000000000000,0.008388056245,0.505881659854,0.392876661694,0.119652370529,
0.495748569472,0.008121827041,0.000000000000,0.000000000000,0.000000000000,0.000000000000,0.000000000000,0.000000000000,0.000000000000,0.000000000000,0.000000000000,0.143518067332,0.022022306023,0.011478891727,0.000000000000,0.000000000000,0.000000000000,0.133378514396,0.014723807160,0.007401591637,0.000000000000,0.000000000000,0.000000000000,0.000000000000,0.000000000000,0.000000000000,0.000000000000,0.000000000000,0.000000000000,0.000000000000,0.000000000000,0.000000000000,0.000000000000,0.000000000000,0.000000000000,0.000000000000,0.000000000000,0.000000000000,0.000000000000,0.000000000000,0.021895511431,0.022319092430,0.000000000000,0.000000000000,0.000000000000,0.000000000000,
0.378408411148,0.019251720745,0.000000000000,0.000000000000,0.000000000000,0.000000000000,0.794720933920,0.090177784893,0.071645077499,0.394219319184,0.058560465405,0.256185811086,0.224211117996,0.036427281372,0.000000000000,0.000000000000,0.000000000000,0.000000000000,0.000000000000,0.000000000000,0.000000000000,0.000000000000,0.000000000000,0.040379750708,0.195966689464,0.000000000000,0.000000000000,0.000000000000,0.000000000000,0.041813729150,0.058941707555,
0.000000000000,0.000000000000,0.000000000000,0.000000000000,0.000000000000,0.000000000000,0.000000000000,0.000000000000,0.000000000000,0.000000000000,0.045238188528,0.010527962002,0.025628736028,0.185981013533,0.093748683611,0.070510060562,0.000000000000,0.000000000000,0.000000000000,0.000000000000,0.056194028063,0.672742623128,0.000000000000,0.000000000000,0.000000000000,0.000000000000,0.354924008200,0.258727856052,0.135285461921,0.073853829495,0.000000000000,0.000000000000,0.000000000000,0.000000000000,0.412516166929,0.006987152743,0.000000000000,0.000000000000,0.000000000000,0.000000000000,0.000000000000,0.000000000000,0.000000000000,0.000000000000,0.000000000000,0.000000000000,0.000000000000,0.000000000000,0.000000000000,0.000000000000,0.000000000000,0.249958747508,
0.017808724502,0.000000000000,0.000000000000,0.000000000000,0.000000000000,0.145025699712,0.017726063212,0.000000000000,0.000000000000,0.000000000000,0.000000000000,0.000000000000,0.000000000000,0.000000000000,0.000000000000,0.000000000000,0.000000000000,0.000000000000,0.000000000000,0.000000000000,0.000000000000,0.000000000000,0.000000000000,0.000000000000,0.000000000000,0.000000000000,0.000000000000,0.363602234707,0.429477737160,0.207143229149,0.685462444563,0.184063816649,
0.102048419228,0.099334223031,0.025802317338,0.000000000000,0.000000000000,0.000000000000,0.000000000000,0.000000000000,
0.216006910251,0.106006899451,0.200812738255,0.067802883254,0.129223517705,0.071967423453,0.000000000000,0.000000000000,0.000000000000,0.000000000000,0.569534314202,0.120170217412,
0.024468111222,0.000000000000,0.000000000000,0.000000000000,0.000000000000,0.000000000000,0.000000000000,0.000000000000,0.000000000000,0.000000000000,0.000000000000,0.000000000000,0.000000000000,0.000000000000,0.000000000000,0.000000000000,0.000000000000,0.000000000000,0.000000000000,0.000000000000,0.000000000000,0.000000000000,0.015069857592,0.055903948285,0.040878590291,0.000000000000,0.000000000000,0.000000000000,0.000000000000,0.736852525861,0.015677564812,0.058705368897,0.000000000000,0.000000000000,0.000000000000,0.000000000000,0.000000000000,0.000000000000,0.000000000000,0.000000000000,0.000000000000,0.030034616862,0.030408972569,0.000000000000,0.000000000000,0.000000000000,0.000000000000,0.000000000000,0.000000000000,0.000000000000,0.000000000000,0.000000000000,0.000000000000,0.000000000000,0.000000000000,0.000000000000,0.000000000000,0.000000000000,0.000000000000,0.000000000000,0.000000000000,0.000000000000,0.000000000000,0.026103949319,0.026436764169,0.000000000000,0.000000000000,0.000000000000,0.000000000000,0.072809300011,0.033918869028,0.000000000000,0.000000000000,0.000000000000,0.000000000000,0.191159426969,0.667893612769,0.163069975001,0.000000000000,0.000000000000,0.000000000000,0.000000000000,0.000000000000,0.004793963832,0.019569759123,0.064731693029,0.000000000000,0.000000000000,0.000000000000,0.000000000000,
0.000000000000,0.000000000000,0.000000000000,0.000000000000,0.410973903568,0.245730140193,0.213832729394,0.188037611689,0.021726866899,0.000000000000,0.000000000000,0.000000000000,0.000000000000,0.000000000000,0.000000000000,0.000000000000,0.000000000000,0.000000000000,0.051032904220,0.061083800038,0.026472292674,0.016777308451,0.000000000000,0.000000000000,0.000000000000,0.000000000000,0.000000000000,0.000000000000,0.000000000000,0.000000000000,0.000000000000,0.105775484273,0.040442060986,0.150224027724,0.000000000000,0.000000000000,0.000000000000,0.399088064047,0.019684370414,0.380546102476,0.000000000000,0.000000000000,0.000000000000,0.000000000000,0.053403496983,0.419575936071,0.357565218108,0.035291912251,0.000000000000,0.000000000000,0.000000000000,0.000000000000,0.000000000000,0.000000000000,0.000000000000,0.000000000000,0.000000000000,0.000000000000,0.000000000000,0.000000000000,0.000000000000,0.000000000000,0.000000000000,0.338158227280,0.967413545923,0.439133209001,0.013613663980,0.000000000000,0.000000000000,0.000000000000,0.000000000000,0.000000000000,0.000000000000,0.000000000000,0.000000000000,0.000000000000,
0.146470288096,
0.041231094731,0.000000000000,0.000000000000,0.000000000000,0.000000000000,0.000000000000,0.000000000000,0.000000000000,0.000000000000,0.000000000000,0.000000000000,0.027236104263,0.029562113745,0.000000000000,0.000000000000,0.000000000000,0.000000000000,0.000000000000,0.000000000000,0.000000000000,0.000000000000,0.000000000000,0.000000000000,0.000000000000,0.000000000000,0.000000000000,0.000000000000,0.294303012423,0.088489648535,
0.000000000000,0.000000000000,0.000000000000,0.000000000000,0.000000000000,0.000000000000,0.000000000000,0.000000000000,0.000000000000,0.015533308560,0.038798639291,0.168399601828,0.000000000000,0.000000000000,0.000000000000,0.000000000000,0.024877314700,0.443606651476,0.000000000000,0.017918914588,0.230129125344,0.074300866597,0.537643466442,0.000000000000,0.000000000000,0.000000000000,0.000000000000,0.358969796939,0.012799605773,0.000000000000,0.000000000000,0.000000000000,0.000000000000,0.000000000000,0.000000000000,0.000000000000,0.000000000000,0.000000000000,0.000000000000,0.000000000000,0.000000000000,0.000000000000,0.000000000000,0.000000000000,0.000000000000,0.000000000000,0.000000000000,0.000000000000,0.000000000000,0.000000000000,0.000000000000,0.000000000000,0.000000000000,0.000000000000,0.125019619723,0.472214504034,
0.000000000000,0.000000000000,0.000000000000,0.000000000000,0.174003823477,0.111240010444,0.646422502413,
0.086840399342,0.078286017353,0.092019731989,0.012628349443,0.000000000000,0.000000000000,0.000000000000,0.000000000000,0.336245000676,0.024755994225,0.005289385944,0.000000000000,0.000000000000,0.000000000000,0.231438240149,0.308185119836,0.049568400556,0.202504461429,0.009736340804,0.000000000000,0.000000000000,0.000000000000,0.000000000000,0.000000000000,0.000000000000,0.000000000000,0.000000000000,0.000000000000,0.137977452912,0.089438965387,0.054270154788,0.030228948165,0.297228663055,0.040734808379,0.000000000000,0.000000000000,0.000000000000,0.000000000000,0.092780542176,0.415037499279,
0.000000000000,0.000000000000,0.000000000000,0.000000000000,0.000000000000,0.000000000000,0.000000000000,0.000000000000,0.000000000000,0.000000000000,0.000000000000,0.027668831227,0.075556074566,0.000000000000,0.000000000000,0.000000000000,0.362273746829,0.007345684797,0.017397555702,0.440730312964,0.000000000000,0.000000000000,0.000000000000,0.000000000000,0.000000000000,0.000000000000,0.000000000000,0.000000000000,0.000000000000,0.518770003933,0.136580046696,0.676188978878,0.075580236668,0.000000000000,0.000000000000,0.000000000000,0.000000000000,0.000000000000,0.000000000000,0.000000000000,0.000000000000,0.000000000000,0.000000000000,0.036680265490,0.559024814767,0.000000000000,0.000000000000,0.000000000000,0.000000000000,0.000000000000,0.000000000000,0.000000000000,0.000000000000,0.000000000000,0.000000000000,0.000000000000,0.000000000000,0.000000000000,0.000000000000,0.031741904248,0.048101125672,0.056444152103,0.000000000000,0.000000000000,0.000000000000,0.000000000000,0.013328997520,0.036680768356,0.062519256927,
0.000000000000,0.000000000000,0.000000000000,0.000000000000,0.045570315562,0.036730354683,0.071980223597,0.182502152678,0.000000000000,0.000000000000,0.000000000000,0.000000000000,0.000000000000,0.000000000000,0.000000000000,0.000000000000,0.000000000000,0.000000000000,0.000000000000,0.000000000000,0.000000000000,0.000000000000,0.000000000000,0.000000000000,0.000000000000,0.000000000000,0.000000000000,0.000000000000,0.314753737675,0.035284451017,0.386166482569,0.750183404417,0.800055816325,0.032516223668,0.000000000000,0.000000000000,0.000000000000,0.000000000000,0.000000000000,0.000000000000,0.000000000000,0.000000000000,0.000000000000,0.000000000000,0.007341124200,0.908460759392,
0.097553572614,0.031518318123,0.000000000000,0.000000000000,0.000000000000,0.000000000000,0.368840788890,0.510481759673,0.456632334471,0.010981321448,0.006149286893,0.000000000000,0.000000000000,0.000000000000,0.000000000000,0.032057609572,0.039750671994,0.000000000000,0.000000000000,0.000000000000,0.000000000000,0.018286649039,0.388232007886,0.522207393307,0.119069670508,0.423174797267,0.000000000000,0.000000000000,0.000000000000,0.000000000000,0.000000000000,0.000000000000,0.000000000000,0.000000000000,0.000000000000,0.000000000000,

0.000000000000,0.000000000000,0.000000000000,0.000000000000,0.000000000000,0.000000000000,0.000000000000,0.000000000000,0.000000000000,0.000000000000,0.000000000000,0.000000000000,0.000000000000,0.000000000000,0.000000000000,0.000000000000,0.000000000000,0.000000000000,0.000000000000,0.000000000000,0.044893538447,
0.000000000000,0.000000000000,0.000000000000,0.000000000000,0.000000000000,0.000000000000,0.000000000000,0.000000000000,0.000000000000,0.000000000000,0.000000000000,0.000000000000,0.000000000000,0.000000000000,0.000000000000,0.000000000000,0.000000000000,0.000000000000,0.000000000000,0.000000000000,0.081978186361,0.439723669082,
0.096946123394,0.036334989966,0.000000000000,0.000000000000,0.000000000000,0.000000000000,0.000000000000,0.016449315306,0.016978430249,0.000000000000,0.000000000000,0.000000000000,0.000000000000,0.000000000000,0.000000000000,0.000000000000,0.000000000000,0.000000000000,0.036415181761,0.189817829908,0.000000000000,0.000000000000,0.000000000000,0.000000000000,0.023990627728,0.024204346813,0.000000000000,0.000000000000,0.000000000000,0.000000000000,0.000000000000,0.000000000000,0.000000000000,0.000000000000,0.000000000000,0.000000000000,0.000000000000,0.000000000000,0.000000000000,0.000000000000,0.218748831878,0.314551016632,0.028693313584,0.016322445637,0.000000000000,0.000000000000,0.000000000000,0.000000000000,0.000000000000,0.000000000000,0.000000000000,0.000000000000,0.000000000000,0.550829503630,0.050760563491,0.152510995243,0.000000000000,0.000000000000,0.000000000000,0.000000000000,
0.000000000000,0.000000000000,0.000000000000,0.000000000000,0.403618777112,0.073285431779,0.190102883380,0.000000000000,0.000000000000,0.000000000000,0.000000000000,0.000000000000,0.000000000000,0.000000000000,0.000000000000,0.000000000000,0.000000000000,0.000000000000,0.000000000000,0.000000000000,0.000000000000,0.000000000000,0.000000000000,0.000000000000,0.000000000000,0.000000000000,0.000000000000,0.062081250404,0.145431455881,0.052791826098,0.005049889822,0.000000000000,0.000000000000,0.000000000000,0.179528918155,0.034813625097,0.236063091535,0.307776532619,0.000000000000,0.000000000000,0.000000000000,0.000000000000,0.000000000000,0.000000000000,0.000000000000,0.000000000000,0.000000000000,0.000000000000,0.000000000000,0.000000000000,0.000000000000,0.000000000000,0.000000000000,0.379079593704,0.040638500325,0.064976741105,0.000000000000,0.000000000000,0.000000000000,0.000000000000,0.000000000000,0.000000000000,0.000000000000,0.000000000000,0.000000000000,0.016475003260,0.040705199098,0.121799204963,
0.000000000000,0.000000000000,0.000000000000,0.000000000000,0.696464634951,0.334473612551,
0.029077340942,0.000000000000,0.000000000000,0.000000000000,0.000000000000,0.514336023977,0.048996380249,0.058705368897,0.000000000000,0.000000000000,0.000000000000,0.000000000000,0.024716294976,0.317397566159,0.492785045650,0.656767907657,0.262144056420,
0.053902370793,0.107877248963,0.409890795768,0.045894472918,0.000000000000,0.000000000000,0.000000000000,0.000000000000,0.000000000000,0.000000000000,0.000000000000,0.000000000000,0.000000000000,0.000000000000,0.010045911010,0.010131039408,0.000000000000,0.000000000000,0.000000000000,0.000000000000,0.031719621403,0.396355746608,0.000000000000,0.000000000000,0.000000000000,0.000000000000,0.078536072380,0.195080787554,0.011627517170,0.000000000000,0.000000000000,0.000000000000,0.000000000000,0.000000000000,0.000000000000,0.000000000000,0.000000000000,0.000000000000,0.438605149480,0.046144017912,0.025378995731,0.000000000000,0.000000000000,0.000000000000,0.000000000000,0.026914587374,0.221093253938,0.055807954903,0.447044433719,0.076911179758,0.000000000000,0.000000000000,0.000000000000,0.000000000000,0.000000000000,0.000000000000,0.000000000000,0.000000000000,0.000000000000,0.000000000000,0.000000000000,0.000000000000,0.000000000000,0.000000000000,0.000000000000,
0.049423596242,0.200465071322,0.054528401917,0.000000000000,0.000000000000,0.000000000000,0.000000000000,0.000000000000,0.084456256807,0.407313145294,0.184441352772,0.000000000000,0.000000000000,0.000000000000,0.000000000000,0.000000000000,0.000000000000,0.000000000000,0.000000000000,0.000000000000,0.000000000000,0.000000000000,0.000000000000,0.000000000000,0.000000000000,0.000000000000,0.000000000000,0.000000000000,0.000000000000,0.000000000000,0.000000000000,0.000000000000,0.000000000000,0.000000000000,0.000000000000,0.000000000000,0.182138811418,0.049240256028,0.099272721152,0.369743731043,0.000000000000,0.000000000000,0.000000000000,0.000000000000,0.000000000000,0.000000000000,0.000000000000,0.000000000000,0.000000000000,0.356055349266,0.135713765790,0.081855279065,0.000000000000,0.000000000000,0.000000000000,0.000000000000,0.000000000000,0.000000000000,0.000000000000,0.000000000000,0.000000000000,0.000000000000,0.000000000000,0.000000000000,0.000000000000,0.000000000000,0.000000000000,0.000000000000,0.078976984029,0.207720949633,0.000000000000,0.000000000000,0.000000000000,0.000000000000,0.000000000000,0.000000000000,0.000000000000,0.000000000000,0.000000000000,0.431393164612,0.039557933428,0.000000000000,0.000000000000,0.000000000000,0.000000000000,0.000000000000,0.000000000000,0.000000000000,0.000000000000,0.000000000000,0.000000000000,0.000000000000,0.000000000000,0.000000000000,0.000000000000,0.000000000000,
0.017742831641,0.000000000000,0.000000000000,0.000000000000,0.000000000000,0.000000000000,0.000000000000,0.000000000000,0.000000000000,0.000000000000,0.000000000000,0.034229887723,0.261971758836,0.000000000000,0.000000000000,0.000000000000,0.000000000000,0.009693452557,0.052780665795,0.424655800759,0.542932448326,0.010316520631,0.000000000000,0.000000000000,0.000000000000,0.000000000000,0.000000000000,0.000000000000,0.000000000000,0.000000000000,0.000000000000,0.000000000000,0.000000000000,0.000000000000,0.000000000000,0.000000000000,0.000000000000,0.061563056074,
0.020879156448,0.000000000000,0.000000000000,0.000000000000,0.000000000000,0.000000000000,0.000000000000,0.000000000000,0.000000000000,0.000000000000,0.246419691983,0.019089438765,0.028380908799,0.385906440535,0.000000000000,0.000000000000,0.000000000000,0.000000000000,0.326154239869,0.023344922595,0.015602321090,0.179391584938,0.000000000000,0.000000000000,0.000000000000,0.000000000000,0.000000000000,0.000000000000,0.000000000000,0.000000000000,0.000000000000,0.020961354685,0.023521978496,0.000000000000,0.000000000000,0.000000000000,0.000000000000,0.000000000000,0.049057763312,0.390622460719,0.000000000000,0.000000000000,0.000000000000,0.000000000000,0.000000000000,0.000000000000,0.000000000000,0.000000000000,0.000000000000,0.020215251811,0.020153218980,0.000000000000,0.000000000000,0.000000000000,0.000000000000,0.000000000000,
0.000000000000,0.000000000000,0.000000000000,0.000000000000,0.015458267983,0.032019215334,0.055826147617,0.000000000000,0.000000000000,0.000000000000,0.212555023225,0.395544952565,0.069570617252,0.213729154478,0.062840873570,0.000000000000,0.000000000000,0.000000000000,0.029745477588,0.047506226962,0.036872994092,0.019629618061,
0.021104341160,0.000000000000,0.000000000000,0.000000000000,0.000000000000,0.255925732695,0.029130994069,0.199004440265,0.604562371394,0.068960396720,0.000000000000,0.000000000000,0.000000000000,0.000000000000,0.000000000000,0.318674130009,0.264037334165,0.221751661175,0.000000000000,0.000000000000,0.000000000000,0.000000000000,0.293801489526,0.043804709112,0.050425755630,0.052437619226,0.000000000000,0.000000000000,0.000000000000,0.000000000000,0.000000000000,0.000000000000,0.000000000000,0.000000000000,0.000000000000,0.000000000000,0.000000000000,0.000000000000,0.000000000000,0.000000000000,0.000000000000,0.000000000000,0.000000000000,0.000000000000,0.000000000000,0.000000000000,0.000000000000,0.000000000000,0.000000000000,0.000000000000,0.000000000000,0.158764838674,0.408676702947,0.049036733961,0.000000000000,0.000000000000,0.000000000000,0.000000000000,0.000000000000,
0.047352782569,0.000000000000,0.000000000000,0.000000000000,0.000000000000,0.000000000000,0.000000000000,0.000000000000,0.000000000000,0.000000000000,0.000000000000,
0.000000000000,0.000000000000,0.000000000000,0.000000000000,0.263970993633,0.066452564891,0.138666005840,
0.000000000000,0.000000000000,0.000000000000,0.000000000000,0.188876785481,0.632443381338,
0.000000000000,0.000000000000,0.000000000000,0.000000000000,0.247145452689,0.010325537039,0.000000000000,0.000000000000,0.000000000000,0.000000000000,0.000000000000,0.043334137687,0.657248354758,0.078912125827,0.295340709255,0.000000000000,0.000000000000,0.000000000000,0.000000000000,0.058235943551,0.058724226528,0.000000000000,0.000000000000,0.000000000000,0.000000000000,0.037830889431,0.964550950339,0.031731009251,0.000000000000,0.000000000000,0.000000000000,0.000000000000,0.000000000000,0.000000000000,0.000000000000,0.000000000000,0.000000000000,0.253189238177,0.020577370504,0.177371751146,0.000000000000,0.000000000000,0.000000000000,0.000000000000,0.000000000000,0.000000000000,0.000000000000,0.000000000000,0.000000000000,0.000000000000,0.000000000000,0.000000000000,0.000000000000,0.000000000000,0.601067013038,1.511748105326,
0.080939950708,0.037411335465,0.000000000000,0.000000000000,0.000000000000,0.000000000000,0.000000000000,0.000000000000,0.000000000000,0.000000000000,0.000000000000,0.556299266876,0.075000906207,0.034673706869,0.000000000000,0.000000000000,0.000000000000,0.000000000000,0.000000000000,0.038923591257,0.073130121208,0.000000000000,0.000000000000,0.000000000000,0.000000000000,0.000000000000,0.000000000000,0.000000000000,0.000000000000,0.000000000000,0.003016677097,0.080469828221,
0.015983608835,0.000000000000,0.000000000000,0.000000000000,0.000000000000,0.000000000000,0.000000000000,0.000000000000,0.000000000000,0.000000000000,0.272544041976,0.079620297550,0.057770784060,0.011032647958,0.000000000000,0.000000000000,0.000000000000,0.000000000000,0.000000000000,0.000000000000,0.000000000000,0.000000000000,0.000000000000,0.752053061945,0.021827658249,0.000000000000,0.000000000000,0.000000000000,0.000000000000,0.000000000000,0.000000000000,0.000000000000,0.000000000000,0.000000000000,0.000000000000,0.000000000000,0.325431465988,0.061894365319,0.024917095153,0.026508700807,0.027134865565,0.000000000000,0.000000000000,0.000000000000,0.000000000000,0.000000000000,0.000000000000,0.000000000000,0.000000000000,0.000000000000,0.000000000000,0.627015897503,0.046519298099,0.000000000000,0.000000000000,0.000000000000,0.000000000000,0.000000000000,0.000000000000,0.000000000000,0.000000000000,0.000000000000,0.314401257821,0.039935086505,0.520327531206,0.394376952176,0.080831353592,0.397563181742,0.001188214370,0.000000000000,0.000000000000,0.000000000000,0.267912500222,0.018859935173,0.542178302423,0.000000000000,0.000000000000,0.000000000000,0.000000000000,
0.000000000000,0.000000000000,0.000000000000,0.000000000000,0.000000000000,0.000000000000,0.000000000000,0.000000000000,0.000000000000,0.000000000000,0.007814320456,0.009223693661,0.000000000000,0.000000000000,0.000000000000,0.000000000000,0.000000000000,0.000000000000,0.000000000000,0.000000000000,0.000000000000,0.108970388998,0.064124527138,0.000000000000,0.000000000000,0.000000000000,0.000000000000,0.000000000000,0.010478262699,0.056848428892,0.084745001450,0.000000000000,0.000000000000,0.000000000000,0.000000000000,0.000000000000,0.326612269320,0.423602514309,1.099258870971,
0.055327702710,0.000000000000,0.000000000000,0.000000000000,0.000000000000,0.000000000000,0.000000000000,0.000000000000,0.000000000000,0.000000000000,0.000000000000,0.000000000000,0.006552697800,0.176222239904,0.035204118378,0.331894068232,0.298646408408,0.004232532669,0.000000000000,0.000000000000,0.000000000000,0.000000000000,0.000000000000,0.000000000000,0.000000000000,0.000000000000,0.000000000000,0.000000000000,0.000000000000,0.000000000000,0.000000000000,0.000000000000,0.000000000000,0.000000000000,0.000000000000,0.000000000000,0.000000000000,0.000000000000,0.000000000000,0.000000000000,0.000000000000,0.000000000000,0.000000000000,0.000000000000,0.041920208710,0.169971589450,0.000000000000,0.000000000000,0.000000000000,0.000000000000,0.000000000000,0.000000000000,0.000000000000,0.000000000000,0.000000000000,0.000000000000,0.000000000000,0.000000000000,0.000000000000,0.000000000000,0.148008359894,0.047412590535,0.029015641902,0.000000000000,0.000000000000,0.000000000000,0.000000000000,0.000000000000,0.069676933933,0.069937557094,0.000000000000,0.000000000000,0.000000000000,0.000000000000,
0.064735124615,0.423398825916,0.044915979728,0.000000000000,0.000000000000,0.000000000000,0.000000000000,0.000000000000,0.019761685325,0.387028850221,0.293138426928,0.074016529913,0.012355923025,0.000000000000,0.000000000000,0.000000000000,0.000000000000,0.017124010870,0.019639681820,0.000000000000,0.000000000000,0.000000000000,0.000000000000,0.005060676426,0.032814457744,0.300262642747,0.014319671317,0.000000000000,0.000000000000,0.000000000000,0.000000000000,0.029481792827,0.029451485246,0.000000000000,0.000000000000,0.000000000000,0.000000000000,0.244618651856,0.287317754074,0.297129330789,0.123153442678,
0.000000000000,0.000000000000,0.000000000000,0.000000000000,0.000000000000,0.000000000000,0.000000000000,0.000000000000,0.000000000000,0.000000000000,0.000000000000,0.000000000000,0.000000000000,0.000000000000,0.000000000000,0.000000000000,0.000000000000,0.000000000000,0.000000000000,0.000000000000,0.000000000000,0.000000000000,0.000000000000,0.000000000000,0.000000000000,0.000000000000,0.455689328534,0.323897427081,0.080317035723,0.054360503490,0.174426658919,0.083271323464,0.057060803269,0.000000000000,0.000000000000,0.000000000000,0.000000000000,0.016825439695,0.017131846384,0.000000000000,0.000000000000,0.000000000000,0.000000000000,0.000000000000,0.000000000000,0.000000000000,0.000000000000,0.000000000000,0.008690960264,0.008673543405,0.000000000000,0.000000000000,0.000000000000,0.000000000000,0.000000000000,0.012501167257,0.059926870066,0.000000000000,0.000000000000,0.000000000000,0.000000000000,0.038147511392,0.392505629033,0.000000000000,0.000000000000,0.000000000000,0.000000000000,0.000000000000,0.000000000000,0.000000000000,0.000000000000,0.000000000000,0.000000000000,0.000000000000,0.000000000000,0.000000000000,0.000000000000,0.000000000000,0.000000000000,0.000000000000,0.000000000000,0.000000000000,0.442634063652,0.013613867819,0.007172272152,0.000000000000,0.000000000000,0.000000000000,0.000000000000,0.008584061933,0.011049910527,0.000000000000,0.000000000000,0.000000000000,0.000000000000,
0.000000000000,0.000000000000,0.000000000000,0.000000000000,0.000000000000,0.000000000000,0.000000000000,0.000000000000,0.000000000000,0.024035858196,0.206922365138,0.084288804445,0.012439777371,0.000000000000,0.000000000000,0.000000000000,0.000000000000,0.000000000000,0.000000000000,0.000000000000,0.000000000000,0.000000000000,0.350699422338,0.023309305578,0.000000000000,0.000000000000,0.000000000000,0.000000000000,0.000000000000,0.000000000000,0.000000000000,0.000000000000,0.000000000000,0.000000000000,0.000000000000,0.000000000000,0.000000000000,0.000000000000,0.000000000000,0.000000000000,0.000000000000,0.000000000000,0.000000000000,0.000000000000,0.000000000000,0.000000000000,0.000000000000,0.000000000000,0.000000000000,0.000000000000,0.000000000000,0.000000000000,0.000000000000,0.000000000000,0.000000000000,0.148887474392,0.048178441778,0.368856714716,
0.027861652810,0.000000000000,0.000000000000,0.000000000000,0.000000000000,0.204867135276,0.039383412078,0.145306915823,0.000000000000,0.000000000000,0.000000000000,0.000000000000,0.000000000000,0.000000000000,0.000000000000,0.000000000000,0.000000000000,0.000000000000,0.005676698054,0.018926056440,0.013168357971,0.000000000000,0.000000000000,0.000000000000,0.000000000000,0.000000000000,0.000000000000,0.000000000000,0.000000000000,0.000000000000,0.000000000000,0.000000000000,0.000000000000,0.000000000000,0.000000000000,0.000000000000,0.000000000000,0.000000000000,0.000000000000,0.000000000000,0.000000000000,0.039482726566,0.608230356697,0.078297534554,0.034082676397,0.000000000000,0.000000000000,0.000000000000,0.000000000000,0.079161316263,0.213653465308,0.279034651452,0.069173354171,
0.036004009385,0.000000000000,0.000000000000,0.000000000000,0.000000000000,0.351815589360,0.058668090440,0.475508461346,0.698437047906,0.059755790847,0.181937330789,0.013168133140,0.000000000000,0.000000000000,0.000000000000,0.000000000000,0.000000000000,0.000000000000,0.000000000000,0.000000000000,0.000000000000,0.000000000000,0.000000000000,0.000000000000,0.000000000000,0.000000000000,0.162810573888,
0.040638289275,0.000000000000,0.000000000000,0.000000000000,0.000000000000,0.000000000000,0.000000000000,0.000000000000,0.000000000000,0.000000000000,0.000000000000,0.412502053486,0.402678637051,0.032184212089,0.385254115808,0.004778371185,0.000000000000,0.000000000000,0.000000000000,0.000000000000,0.000000000000,0.000000000000,0.000000000000,0.000000000000,0.000000000000,0.000000000000,0.000000000000,0.000000000000,0.000000000000,0.000000000000,0.000000000000,0.000000000000,0.000000000000,0.000000000000,0.000000000000,0.000000000000,0.017847425924,0.018162437715,0.000000000000,0.000000000000,0.000000000000,0.000000000000,0.051701383249,0.702624399068,0.216661894064,0.322208126428,0.035951701284,0.174349856009,0.165965832260,0.421215991968,0.028824754089,0.000000000000,0.000000000000,0.000000000000,0.000000000000,0.148439942555,0.211135362781,0.420372482140,0.014962823532,0.000000000000,0.000000000000,0.000000000000,0.000000000000,0.000000000000,0.000000000000,0.000000000000,0.000000000000,0.000000000000,0.000000000000,
0.024730272726,0.000000000000,0.000000000000,0.000000000000,0.000000000000,0.000000000000,
0.000000000000,0.000000000000,0.000000000000,0.000000000000,0.000000000000,0.000000000000,0.000000000000,0.000000000000,0.000000000000,0.000000000000,0.000000000000,0.029321812394,0.029564755283,0.000000000000,0.000000000000,0.000000000000,0.000000000000,0.000000000000,0.000000000000,0.000000000000,0.000000000000,0.000000000000,0.062211582100,0.018971480920,0.000000000000,0.000000000000,0.000000000000,0.000000000000,0.000000000000,0.000000000000,0.000000000000,0.000000000000,0.000000000000,0.000000000000,0.006215813907,0.006234892819,0.000000000000,0.000000000000,0.000000000000,0.000000000000,0.032098305224,0.083998908980,0.000000000000,0.000000000000,0.000000000000,0.000000000000,0.000000000000,0.000000000000,0.000000000000,0.000000000000,0.000000000000,0.287597658874,0.040562310787,0.065965467506,0.000000000000,0.000000000000,0.000000000000,0.000000000000,0.000000000000,0.000000000000,0.000000000000,0.000000000000,0.000000000000,0.055287586119,0.309168652114,0.000000000000,0.000000000000,0.000000000000,0.000000000000,0.000000000000,0.000000000000,0.000000000000,0.000000000000,0.000000000000,0.000000000000,
0.041854171694,0.000000000000,0.000000000000,0.000000000000,0.000000000000,0.326723381964,0.090194075246,0.050001527952,0.000000000000,0.000000000000,0.000000000000,0.000000000000,0.000000000000,0.000000000000,0.000000000000,0.000000000000,0.000000000000,0.316982494636,0.052238401680,0.070897792540,0.062469134631,0.031318745500,0.000000000000,0.000000000000,0.000000000000,0.000000000000,0.000000000000,0.000000000000,0.000000000000,0.000000000000,0.000000000000,0.392339763992,0.267133807358,0.201985900405,0.035427846135,0.000000000000,0.000000000000,0.000000000000,0.228959679980,0.098995649950,

0.045488250376,0.000000000000,0.000000000000,0.000000000000,0.000000000000,0.779997893103,0.028350309612,0.000000000000,0.000000000000,0.000000000000,0.000000000000,0.000000000000,0.000000000000,0.000000000000,0.000000000000,0.000000000000,0.000000000000,0.000000000000,0.000000000000,0.000000000000,0.000000000000,0.000000000000,0.000000000000,0.000000000000,0.000000000000,0.000000000000,0.000000000000,0.377795907718,0.041821391645,
0.006301010900,0.000000000000,0.000000000000,0.000000000000,0.000000000000,0.000000000000,
0.000000000000,0.000000000000,0.000000000000,0.000000000000,0.000000000000,0.000000000000,0.000000000000,0.000000000000,0.000000000000,0.291030456831,0.019410976401,0.011463714145,0.000000000000,0.000000000000,0.000000000000,0.000000000000,0.000000000000,0.000000000000,0.000000000000,0.000000000000,0.000000000000,0.359001128831,0.062332641964,0.018398769162,0.000000000000,0.000000000000,0.000000000000,0.000000000000,0.286217089558,0.027246999789,0.156404488658,0.000000000000,0.000000000000,0.000000000000,0.000000000000,0.000000000000,0.000000000000,0.000000000000,0.000000000000,0.000000000000,

0.000000000000,0.000000000000,0.000000000000,0.000000000000,0.000000000000,0.261238906649,0.081370857017,0.010344300420,0.000000000000,0.000000000000,0.000000000000,0.000000000000,0.000000000000,0.000000000000,0.000000000000,0.000000000000,0.000000000000,0.036226596608,0.036420613794,0.000000000000,0.000000000000,0.000000000000,0.000000000000,0.000000000000,0.000000000000,0.000000000000,0.000000000000,0.000000000000,0.000000000000,0.000000000000,0.000000000000,0.000000000000,0.000000000000,0.000000000000,0.000000000000,0.000000000000,0.000000000000,0.000000000000,0.000000000000,0.000000000000,0.000000000000,0.000000000000,0.000000000000,0.000000000000,0.512412910323,0.048967798817,0.000000000000,0.000000000000,0.000000000000,0.000000000000,0.326027827799,0.034600360858,0.000000000000,0.000000000000,0.000000000000,0.000000000000,0.000000000000,0.000000000000,0.000000000000,0.000000000000,0.000000000000,0.000000000000,0.000000000000,0.000000000000,0.000000000000,0.000000000000,0.000000000000,0.000000000000,0.000000000000,0.000000000000,0.000000000000,0.000000000000,0.163089132482,0.033666474660,0.000000000000,0.000000000000,0.000000000000,0.000000000000,0.000000000000,0.000000000000,0.000000000000,0.000000000000,0.000000000000,0.000000000000,0.000000000000,0.000000000000,0.000000000000,0.000000000000,0.000000000000,
0.000000000000,0.000000000000,0.000000000000,0.000000000000,0.009032884584,0.007992374806,0.021617311225,0.073189495374,0.000000000000,0.000000000000,0.000000000000,0.000000000000,0.000000000000,0.000000000000,0.000000000000,0.000000000000,0.000000000000,0.000000000000,0.000000000000,0.000000000000,0.000000000000,0.000000000000,0.000000000000,0.000000000000,0.742931428821,0.805713019690,0.288825359291,0.008273674223,0.000000000000,0.000000000000,0.000000000000,0.000000000000,0.013959422320,0.027759137362,0.043228937248,0.026908636670,0.000000000000,0.000000000000,0.000000000000,0.000000000000,0.000000000000,0.000000000000,0.000000000000,0.000000000000,0.000000000000,0.000000000000,0.000000000000,0.000000000000,0.000000000000,0.000000000000,0.000000000000,0.000000000000,0.000000000000,0.000000000000,0.000000000000,0.000000000000,0.000000000000,
0.000000000000,0.000000000000,0.000000000000,0.000000000000,0.000000000000,0.000000000000,0.000000000000,0.000000000000,0.000000000000,0.000000000000,0.000000000000,0.000000000000,0.000000000000,0.000000000000,0.000000000000,0.027646690203,0.454792636090,0.000000000000,0.000000000000,0.000000000000,0.000000000000,0.000000000000,0.000000000000,0.000000000000,0.000000000000,0.000000000000,0.000000000000,0.000000000000,0.000000000000,0.000000000000,0.000000000000,0.000000000000,0.020846180364,0.103881183607,0.212329541053,0.165257686374,0.000000000000,0.000000000000,0.000000000000,0.000000000000,0.000000000000,0.000000000000,0.000000000000,0.000000000000,0.000000000000,0.000000000000,0.000000000000,0.000000000000,0.000000000000,0.000000000000,0.000000000000,0.000000000000,0.000000000000,0.000000000000,0.000000000000,0.000000000000,
0.000000000000,0.000000000000,0.000000000000,0.000000000000,0.000000000000,0.000000000000,0.000000000000,0.000000000000,0.000000000000,0.000000000000,0.007345754157,0.007421076881,0.000000000000,0.000000000000,0.000000000000,0.000000000000,0.000000000000,0.000000000000,0.000000000000,0.000000000000,0.000000000000,0.000000000000,0.000000000000,0.000000000000,0.000000000000,0.000000000000,0.000000000000,0.000000000000,0.000000000000,0.000000000000,0.000000000000,0.000000000000,0.000000000000,0.000000000000,0.000000000000,0.000000000000,0.000000000000,0.000000000000,0.000000000000,0.000000000000,0.000000000000,0.000000000000,0.000000000000,0.000000000000,0.000000000000,0.000000000000,0.000000000000,0.000000000000,0.000000000000,0.000000000000,0.000000000000,0.000000000000,0.346496204415,0.007380109944,0.176070853407,0.000000000000,0.000000000000,0.000000000000,0.000000000000,0.000000000000,0.000000000000,0.000000000000,0.000000000000,0.000000000000,0.000000000000,0.000000000000,0.000000000000,0.000000000000,0.000000000000,0.324159258725,0.671030176958,0.022056791365,0.000000000000,0.000000000000,0.000000000000,0.000000000000,0.000000000000,0.000000000000,0.000000000000,0.000000000000,0.000000000000,0.000000000000,0.023634975532,0.025278895861,0.000000000000,0.000000000000,0.000000000000,0.000000000000,0.085389736481,0.038520041864,0.000000000000,0.000000000000,0.000000000000,0.000000000000,0.000000000000,
0.487822946822,0.011895817568,0.000000000000,0.000000000000,0.000000000000,0.000000000000,0.197866453982,0.045954631530,0.160486952338,0.000000000000,0.000000000000,0.000000000000,0.000000000000,0.000000000000,0.000000000000,0.000000000000,0.000000000000,0.000000000000,0.023089112776,0.641956656859,0.000000000000,0.000000000000,0.000000000000,0.000000000000,0.000000000000,0.000000000000,0.000000000000,0.000000000000,0.000000000000,0.000000000000,0.107935668407,0.046657485952,0.150605440824,0.000000000000,0.000000000000,0.000000000000,0.000000000000,0.000000000000,0.000000000000,0.000000000000,0.000000000000,0.000000000000,0.015891769916,0.018428438383,0.000000000000,0.000000000000,0.000000000000,0.000000000000,0.049059677985,0.186881930411,0.211621191630,0.008033237729,0.000000000000,0.000000000000,0.000000000000,0.000000000000,0.000000000000,0.000000000000,0.000000000000,0.000000000000,0.000000000000,0.000000000000,0.017515705188,0.255342427225,0.000000000000,0.000000000000,0.000000000000,0.000000000000,0.000000000000,0.000000000000,0.000000000000,0.000000000000,0.000000000000,0.000000000000,0.000000000000,0.000000000000,0.000000000000,0.000000000000,0.065471268944,0.047620612866,0.031243618245,0.000000000000,0.000000000000,0.000000000000,0.000000000000,0.025919797009,0.066707165771,0.000000000000,0.000000000000,0.000000000000,0.010440769296,0.075029451816,
0.000000000000,0.000000000000,0.000000000000,0.000000000000,0.000000000000,0.000000000000,0.000000000000,0.000000000000,0.000000000000,0.000000000000,0.000000000000,0.000000000000,0.000000000000,0.000000000000,0.231958822926,0.050174537157,0.039548282459,0.000000000000,0.000000000000,0.000000000000,0.000000000000,0.000000000000,0.000000000000,0.000000000000,0.000000000000,0.000000000000,0.000000000000,0.221156419434,0.027006680346,0.027557473151,0.000000000000,0.000000000000,0.000000000000,0.000000000000,0.000000000000,0.000000000000,0.000000000000,0.000000000000,0.000000000000,0.000000000000,0.000000000000,0.000000000000,0.000000000000,0.000000000000,0.000000000000,0.000000000000,0.000000000000,0.000000000000,0.000000000000,0.000000000000,0.000000000000,0.000000000000,0.000000000000,0.000000000000,0.000000000000,0.295371866694,0.027427304522,0.043138264457,0.059202642624,0.000000000000,0.000000000000,0.000000000000,0.000000000000,0.000000000000,0.000000000000,0.000000000000,0.000000000000,0.000000000000,0.952763643893,0.068511936425,0.000000000000,0.000000000000,0.000000000000,0.000000000000,0.000000000000,0.000000000000,0.000000000000,0.000000000000,0.000000000000,0.000000000000,
0.000000000000,0.000000000000,0.000000000000,0.000000000000,0.581211252786,0.697826665011,0.285323242286,0.749655836367,0.030256345892,0.006907983670,0.000000000000,0.000000000000,0.000000000000,0.000000000000,0.000000000000,0.000000000000,0.000000000000,0.000000000000,0.000000000000,0.000000000000,0.000000000000,0.000000000000,0.000000000000,0.000000000000,0.091290630905,0.056037812667,0.000000000000,0.000000000000,0.000000000000,0.000000000000,0.414927028354,0.006286634379,0.000000000000,0.000000000000,0.000000000000,0.000000000000,0.000000000000,0.000000000000,0.000000000000,0.000000000000,0.000000000000,0.000000000000,0.057923038817,
0.000000000000,0.000000000000,0.000000000000,0.000000000000,0.000000000000,0.000000000000,0.000000000000,0.000000000000,0.000000000000,0.000000000000,0.431932348822,0.041465128338,0.037808247056,0.047224451860,0.269197485169,0.000000000000,0.000000000000,0.000000000000,0.000000000000,0.031509664962,0.225400216157,0.330445177917,0.000000000000,0.000000000000,0.000000000000,0.000000000000,0.057912017977,0.016142594403,0.000000000000,0.000000000000,0.000000000000,0.000000000000,0.000000000000,0.000000000000,0.000000000000,0.000000000000,0.000000000000,0.412504619277,0.030496060208,0.030612461752,0.000000000000,0.000000000000,0.000000000000,0.000000000000,0.000000000000,0.000000000000,0.000000000000,0.000000000000,0.000000000000,0.000000000000,0.000000000000,0.000000000000,0.000000000000,0.000000000000,0.000000000000,0.000000000000,0.000000000000,0.000000000000,0.000000000000,0.256410683963,0.015144862048,1.141633097327,
0.000000000000,0.000000000000,0.000000000000,0.000000000000,0.608578710239,0.035711552578,0.025025775173,0.000000000000,0.000000000000,0.000000000000,0.177898657308,0.433709436906,0.517710407581,0.048937169130,0.188087134553,0.047832574004,0.048037238035,0.000000000000,0.000000000000,0.000000000000,0.000000000000,0.000000000000,0.000000000000,0.000000000000,0.000000000000,0.000000000000,0.000000000000,0.000000000000,0.000000000000,0.000000000000,0.000000000000,0.000000000000,0.069855645742,0.092306043655,0.056352692208,0.000000000000,0.000000000000,0.000000000000,0.000000000000,0.000000000000,0.000000000000,0.000000000000,0.000000000000,0.000000000000,0.000000000000,0.000000000000,0.000000000000,0.000000000000,0.000000000000,0.076064917370,0.075171795155,0.000000000000,0.000000000000,0.000000000000,0.000000000000,0.000000000000,
0.020388428153,0.000000000000,0.000000000000,0.000000000000,0.000000000000,0.000000000000,0.000000000000,0.000000000000,0.000000000000,0.000000000000,0.000000000000,0.000000000000,0.000000000000,0.000000000000,0.000000000000,0.191102473411,0.061747879789,0.404360413626,0.000000000000,0.000000000000,0.000000000000,0.000000000000,0.012871541975,0.012914343404,0.000000000000,0.000000000000,0.000000000000,0.000000000000,0.000000000000,0.000000000000,0.000000000000,0.000000000000,0.000000000000,0.000000000000,0.000000000000,0.000000000000,0.000000000000,0.000000000000,0.000000000000,0.020885310334,
